Chr,Postion,ID,Ref,Alt,Qual,Filter,Cell_ID
1,18286737,.,T,TG,10,26,604_B2
1,27633087,.,G,GA,3,14,604_B2
1,54991021,.,T,TA,3,15,604_B2
1,157076738,.,GA,G,9,33,604_B2
1,178745432,.,AC,A,3,41,604_B2
1,185224053,.,CTA,C,3,18,604_B2
1,244157919,.,G,GA,3,23,604_B2
2,152940685,.,T,TC,2,11,604_B2
2,156249824,.,A,AT,0,10,604_B2
2,165335416,.,T,TG,2,26,604_B2
2,176745136,.,TG,T,18,28,604_B2
3,4343690,.,G,GA,19,41,604_B2
3,72902935,.,TG,T,0,70,604_B2
3,146774398,.,TA,T,2,14,604_B2
4,65223614,.,G,GA,1,9,604_B2
4,73025571,.,CACGGAGGTCCGTGGCCT,C,2,10,604_B2
5,20638509,.,T,TA,5,17,604_B2
5,24142287,.,CT,C,0,62,604_B2
5,129951042,.,T,TA,3,12,604_B2
6,39809743,.,G,GAAAC,2,16,604_B2
6,103430617,.,CA,C,6,40,604_B2
6,111809650,.,T,TA,2,10,604_B2
6,114983209,.,T,TCC,3,19,604_B2
6,114983236,.,G,GT,1,21,604_B2
6,133912513,.,A,AC,4,16,604_B2
7,127562228,.,CTTTTTTTTTTTTTTTTTTTTT,C,2,10,604_B2
7,146829020,.,TCA,T,0,29,604_B2
8,9685031,.,GC,G,2,10,604_B2
8,48916982,.,G,GA,2,27,604_B2
8,84722877,.,CTG,C,0,23,604_B2
8,126686026,.,AT,A,1,11,604_B2
8,127194003,.,GATAAACAATGA,G,6,21,604_B2
9,26816281,.,GT,G,1,9,604_B2
10,83015382,.,GCATCTGGTGAGGGT,G,4,13,604_B2
10,85859359,.,ACCCTCCCTGCCCT,A,1,9,604_B2
11,56948089,.,TG,T,3,29,604_B2
11,81973394,.,CA,C,5,21,604_B2
12,20138968,.,TCATGTGAAAAGATCAGTCATTTTTCTGTG,T,0,14,604_B2
12,56406795,.,TA,T,1,11,604_B2
12,60979757,.,GCCTTCACGAAAATTCAACACC,G,6,13,604_B2
12,128672512,.,ATG,A,0,22,604_B2
13,35139747,.,AAAAAAGTCATTATACG,A,2,10,604_B2
13,78128969,.,TG,T,3,13,604_B2
14,40689864,.,T,TA,2,15,604_B2
15,51230606,.,G,GA,9,19,604_B2
16,77338580,.,C,CA,3,13,604_B2
17,68605278,.,CT,C,3,29,604_B2
18,38589790,.,ATTTT,A,5,17,604_B2
18,77165435,.,A,AT,1,11,604_B2
1,3063080,.,CTCGGTGTGGGGTGTGTGTGCACGTGTGT,C,5,19,604_B3
1,55438952,.,CA,C,9,17,604_B3
1,87277437,.,A,AG,0,12,604_B3
1,96838874,.,CA,C,0,17,604_B3
1,178567548,.,GA,G,1,73,604_B3
1,189501943,.,T,TA,7,21,604_B3
1,238758165,.,A,AT,2,11,604_B3
2,6540112,.,G,GA,0,12,604_B3
2,14277840,.,G,GA,1,11,604_B3
2,27077671,.,C,CT,3,13,604_B3
2,99069790,.,C,CA,1,11,604_B3
2,111569357,.,C,CACAT,0,20,604_B3
2,126529390,.,A,AT,1,11,604_B3
2,226111547,.,G,GA,6,16,604_B3
2,230947331,.,G,GT,1,9,604_B3
3,24644000,.,A,AG,3,9,604_B3
3,30702738,.,GA,G,0,12,604_B3
3,51409423,.,G,GTT,5,16,604_B3
3,67072903,.,GC,G,12,23,604_B3
3,70620114,.,GA,G,4,32,604_B3
3,87616071,.,T,TA,0,14,604_B3
3,132775500,.,T,TC,14,29,604_B3
3,173697511,.,A,ATT,16,28,604_B3
4,21966653,.,AT,A,9,23,604_B3
4,96680984,.,G,GAA,3,15,604_B3
4,105732376,.,A,AT,7,17,604_B3
4,123290968,.,T,TA,26,48,604_B3
4,141908946,.,C,CA,3,14,604_B3
4,170522420,.,ATTTC,A,4,27,604_B3
5,76828295,.,TG,T,0,10,604_B3
5,106154132,.,CT,C,11,42,604_B3
5,106237153,.,CT,C,2,9,604_B3
5,119936934,.,A,AT,3,12,604_B3
5,134263717,.,GT,G,0,68,604_B3
5,176014967,.,C,CT,0,23,604_B3
6,62619233,.,CA,C,0,14,604_B3
6,118128733,.,CT,C,3,13,604_B3
6,124872907,.,T,TA,3,17,604_B3
6,127937305,.,T,TA,3,9,604_B3
6,166331141,.,AAAAAAGGCAG,A,1,12,604_B3
7,116325434,.,T,TA,4,17,604_B3
7,141463527,.,C,CT,3,13,604_B3
7,151602804,.,C,CT,2,11,604_B3
8,41063664,.,AG,A,3,22,604_B3
8,88890643,.,A,ATT,7,24,604_B3
8,92701585,.,T,TAA,5,45,604_B3
8,115686276,.,T,TA,2,116,604_B3
9,3231238,.,T,TA,2,10,604_B3
9,10953244,.,GC,G,1,24,604_B3
9,81888999,.,G,GA,4,11,604_B3
9,111552964,.,T,TC,4,11,604_B3
10,4771222,.,C,CA,2,10,604_B3
10,110595198,.,T,TAA,7,17,604_B3
11,133557984,.,TG,T,6,85,604_B3
12,16231406,.,T,TA,18,30,604_B3
12,39756533,.,CA,C,0,27,604_B3
12,50503416,.,C,CT,3,15,604_B3
12,71789652,.,TA,T,13,41,604_B3
12,91124407,.,G,GA,8,19,604_B3
13,35969492,.,A,AT,1,33,604_B3
13,100132559,.,C,CA,4,19,604_B3
15,79983680,.,G,GTT,1,9,604_B3
16,6864041,.,C,CAAAT,8,25,604_B3
16,62873488,.,CA,C,4,13,604_B3
16,69244019,.,TG,T,4,22,604_B3
18,9794819,.,C,CA,1,11,604_B3
18,24301839,.,AT,A,0,12,604_B3
18,54170749,.,G,GA,3,9,604_B3
19,56645452,.,T,TC,1,11,604_B3
20,10225354,.,CT,C,1,17,604_B3
1,50221279,.,C,CA,1,15,604_B6
1,119593554,.,G,GT,9,24,604_B6
1,246780890,.,G,GA,3,10,604_B6
2,185683279,.,TA,T,43,147,604_B6
2,189376297,.,TCG,T,3,35,604_B6
3,56319858,.,T,TA,3,10,604_B6
4,80767066,.,A,AT,1,9,604_B6
4,122392444,.,AC,A,11,20,604_B6
4,164044708,.,A,AT,2,10,604_B6
5,23199763,.,C,CA,5,20,604_B6
5,76434668,.,G,GA,2,11,604_B6
5,131171754,.,C,CT,6,19,604_B6
6,103760456,.,AC,A,2,22,604_B6
7,73373308,.,C,CTTT,3,11,604_B6
8,61602561,.,GT,G,3,122,604_B6
8,134675795,.,TCTCCTGCCTCAGC,T,1,12,604_B6
10,13321625,.,GA,G,0,45,604_B6
11,60106757,.,T,TA,4,12,604_B6
11,90763061,.,GC,G,4,18,604_B6
12,131961348,.,TA,T,4,24,604_B6
13,109333522,.,A,ATG,4,13,604_B6
14,51178857,.,C,CT,0,11,604_B6
14,56990911,.,A,AT,3,10,604_B6
16,78305988,.,C,CA,3,14,604_B6
17,58511479,.,A,AG,4,14,604_B6
18,6317875,.,G,GA,2,14,604_B6
18,24329219,.,TTTC,T,2,10,604_B6
20,8949385,.,AT,A,23,50,604_B6
1,213509063,.,TCA,T,8,14,1039
2,62991526,.,TTATTA,T,6,16,1039
2,140166089,.,AT,A,4,13,1039
4,31661441,.,A,AT,18,33,1039
4,66460360,.,TG,T,4,21,1039
5,27088513,.,G,GCTGA,7,29,1039
5,98893428,.,CT,C,4,11,1039
6,127325597,.,TA,T,7,13,1039
7,18832069,.,TTTATA,T,15,32,1039
8,11081985,.,AAGG,A,18,30,1039
9,90132213,.,T,TTCTTCTCA,9,11,1039
11,15966714,.,TGA,T,5,11,1039
11,32333357,.,TC,T,0,25,1039
15,96575590,.,CTA,C,36,56,1039
17,51803262,.,AC,A,8,17,1039
21,23289058,.,TTG,T,9,19,1039
1,25384218,.,AC,A,16,17,1113_D1
1,145432386,.,C,CG,2,9,1113_D1
1,165905668,.,AC,A,12,16,1113_D1
1,192599065,.,AC,A,20,18,1113_D1
1,207739241,.,TG,T,14,15,1113_D1
1,210201590,.,CT,C,10,42,1113_D1
1,230190913,.,AC,A,17,21,1113_D1
2,48252934,.,TACA,T,17,21,1113_D1
2,143193223,.,AGAT,A,20,22,1113_D1
4,162383042,.,AT,A,4,14,1113_D1
5,18355890,.,C,CA,18,23,1113_D1
5,103165564,.,GGCGTGGAAGCTGTGGAAACGGCTAA,G,10,16,1113_D1
6,80176466,.,GA,G,16,27,1113_D1
8,385867,.,AC,A,3,8,1113_D1
8,48814046,.,CAAAAAA,C,9,15,1113_D1
8,51402855,.,TA,T,21,27,1113_D1
8,138731515,.,TC,T,34,35,1113_D1
9,125293003,.,GA,G,0,10,1113_D1
10,61278839,.,CTTAT,C,7,10,1113_D1
11,127308771,.,CCT,C,14,18,1113_D1
12,49638318,.,CT,C,6,16,1113_D1
12,49638320,.,AT,A,6,16,1113_D1
13,56849444,.,CAATT,C,17,18,1113_D1
13,57954293,.,TA,T,8,22,1113_D1
13,66932537,.,G,GA,17,21,1113_D1
14,36634942,.,T,TG,29,31,1113_D1
1,173310949,.,T,TTGC,17,29,1113_E1
1,190975465,.,GC,G,34,73,1113_E1
1,196921415,.,T,TAC,5,11,1113_E1
2,50096990,.,GT,G,6,11,1113_E1
2,180584755,.,GT,G,2,9,1113_E1
3,6708188,.,AT,A,9,17,1113_E1
3,54392312,.,GATTT,G,12,38,1113_E1
3,136729573,.,TC,T,14,18,1113_E1
3,151122095,.,AAGGTTCATT,A,5,14,1113_E1
4,69293058,.,AGAGGGCCACTGCTTTCCTTCAAAGGTTTAAAG,A,6,22,1113_E1
4,99722291,.,AAATAAGGATAAT,A,2,16,1113_E1
4,184605906,.,TTC,T,20,36,1113_E1
5,109092123,.,GAA,G,3,19,1113_E1
5,135599483,.,AT,A,27,56,1113_E1
5,162125994,.,GT,G,7,29,1113_E1
6,67302305,.,CA,C,6,13,1113_E1
6,170655474,.,TA,T,17,26,1113_E1
7,54659755,.,GTT,G,4,22,1113_E1
9,19821398,.,ATT,A,12,16,1113_E1
9,108907234,.,GCAGTGA,G,13,20,1113_E1
11,24645444,.,TA,T,6,12,1113_E1
12,95286106,.,TTTTTGTA,T,22,33,1113_E1
13,43530190,.,AC,A,24,25,1113_E1
16,59583999,.,TG,T,9,15,1113_E1
17,37134813,.,AG,A,3,9,1113_E1
17,50797015,.,AT,A,18,18,1113_E1
1,88855362,.,AG,A,19,32,1113_F1
1,171972490,.,CT,C,0,14,1113_F1
2,55221154,.,AT,A,18,28,1113_F1
2,67128312,.,TG,T,15,41,1113_F1
2,103562932,.,TG,T,15,23,1113_F1
2,104682706,.,A,AT,4,18,1113_F1
2,134364297,.,AAATGGAAAGG,A,8,11,1113_F1
2,159557479,.,ATG,A,9,13,1113_F1
2,199307493,.,AG,A,40,40,1113_F1
3,102451852,.,GC,G,16,20,1113_F1
3,174381593,.,T,TC,18,25,1113_F1
4,63606930,.,TC,T,7,11,1113_F1
4,132049062,.,AGTC,A,6,16,1113_F1
4,132049066,.,AACTCAAATTCCAATTTGATTTGAG,A,12,16,1113_F1
4,140907320,.,C,CGAGTT,8,14,1113_F1
4,154825150,.,A,AT,15,16,1113_F1
4,168733463,.,TC,T,6,15,1113_F1
5,12153593,.,CT,C,0,13,1113_F1
5,94001737,.,AT,A,1,14,1113_F1
5,172306010,.,ACC,A,10,14,1113_F1
6,46109149,.,GA,G,20,20,1113_F1
6,65366937,.,TG,T,0,17,1113_F1
6,120480133,.,AAT,A,9,22,1113_F1
6,143486592,.,AG,A,3,21,1113_F1
7,109463661,.,CTCTCAAAATAAAATTATTGTCCTATTTT,C,9,17,1113_F1
8,32866491,.,G,GA,0,46,1113_F1
8,72992714,.,AT,A,2,20,1113_F1
9,73315605,.,GA,G,11,21,1113_F1
10,8634549,.,TA,T,1,10,1113_F1
10,52607788,.,AAAC,A,8,16,1113_F1
11,43842211,.,GA,G,9,42,1113_F1
11,82920256,.,TC,T,2,16,1113_F1
11,109664064,.,A,AGTAAACTGACAGCTTTGC,9,15,1113_F1
12,21269062,.,TG,T,7,25,1113_F1
13,23013423,.,AG,A,19,17,1113_F1
13,89453875,.,TG,T,10,25,1113_F1
13,97628262,.,TTCCTGTTG,T,5,21,1113_F1
14,52752686,.,AAAAG,A,9,12,1113_F1
15,37769619,.,CT,C,6,21,1113_F1
16,7748544,.,GC,G,57,44,1113_F1
16,62334154,.,CG,C,0,32,1113_F1
17,63261445,.,TATTG,T,9,33,1113_F1
18,75295009,.,TG,T,35,35,1113_F1
19,39851130,.,GT,G,10,19,1113_F1
20,6279755,.,TG,T,13,24,1113_F1
22,33240762,.,GAT,G,5,18,1113_F1
1,49093828,.,GT,G,4,19,1363_A4
1,67175559,.,TATTA,T,18,22,1363_A4
1,100858125,.,TATG,T,8,19,1363_A4
1,150112195,.,TTACAGGCATGCAC,T,13,27,1363_A4
2,184774448,.,TG,T,16,21,1363_A4
2,189112498,.,GA,G,21,34,1363_A4
2,193932738,.,TTATATCTTGAAACTTTAC,T,41,43,1363_A4
2,220887265,.,TTCTAAAATGGCTATGGCCA,T,13,17,1363_A4
2,224524858,.,CAAG,C,5,22,1363_A4
2,241039148,.,AG,A,24,35,1363_A4
3,9588968,.,TG,T,5,16,1363_A4
3,82301304,.,AG,A,11,19,1363_A4
4,33734993,.,CT,C,3,12,1363_A4
4,46651511,.,AC,A,15,32,1363_A4
5,66134080,.,AC,A,20,32,1363_A4
5,70721937,.,G,GA,16,16,1363_A4
6,8730945,.,GC,G,13,33,1363_A4
6,152489755,.,GCAAA,G,21,22,1363_A4
7,83070387,.,T,TA,8,12,1363_A4
7,119958441,.,CA,C,18,50,1363_A4
8,1583497,.,TG,T,16,26,1363_A4
8,38046106,.,CAT,C,5,14,1363_A4
12,74077029,.,TA,T,9,11,1363_A4
13,66813218,.,AT,A,11,13,1363_A4
13,79659224,.,GA,G,24,34,1363_A4
15,61954531,.,GCAAAACC,G,21,48,1363_A4
15,93758597,.,AC,A,2,14,1363_A4
17,41707165,.,ACT,A,4,10,1363_A4
2,16507976,.,CT,C,7,14,1363_D4
2,216041420,.,GA,G,23,45,1363_D4
2,227638248,.,TGAGA,T,3,17,1363_D4
3,111269963,.,AC,A,0,15,1363_D4
5,170425421,.,TCTGAGG,T,15,22,1363_D4
6,50177840,.,CA,C,10,57,1363_D4
6,80535776,.,AACT,A,16,31,1363_D4
6,103469556,.,GT,G,11,21,1363_D4
7,141990511,.,TA,T,1,9,1363_D4
8,55497927,.,CT,C,0,20,1363_D4
8,114243469,.,TG,T,0,23,1363_D4
9,31017344,.,TAC,T,3,10,1363_D4
11,26839916,.,G,GT,10,19,1363_D4
11,105694199,.,TG,T,0,16,1363_D4
12,26813369,.,TTCCACCA,T,3,37,1363_D4
13,79767514,.,CA,C,6,15,1363_D4
15,84030384,.,C,CT,3,15,1363_D4
19,28653515,.,TTTTATTGGTTATGCA,T,31,52,1363_D4
1,52128906,.,CTATT,C,2,27,1363_H4
1,66531618,.,CA,C,13,33,1363_H4
2,101915925,.,G,GA,7,17,1363_H4
2,104055990,.,CG,C,1,18,1363_H4
3,15518485,.,GGGGCCCTGT,G,4,20,1363_H4
3,63025631,.,TC,T,12,58,1363_H4
3,76596333,.,TG,T,12,40,1363_H4
4,94894507,.,GT,G,8,16,1363_H4
5,88675618,.,G,GA,9,20,1363_H4
5,105092083,.,TATA,T,2,84,1363_H4
5,140328658,.,AC,A,5,13,1363_H4
6,153067814,.,GT,G,5,48,1363_H4
7,28604503,.,AAAGTCTGTTTGGATATTTAGTGTCTCATAAAATATAACATAGGAAGAG,A,2,8,1363_H4
7,93293267,.,GC,G,10,69,1363_H4
8,24646160,.,TG,T,13,13,1363_H4
9,96496569,.,G,GA,6,9,1363_H4
10,61346796,.,TTAGGGCTGC,T,4,8,1363_H4
11,22520078,.,TC,T,4,10,1363_H4
11,128525916,.,TC,T,9,16,1363_H4
11,128525918,.,TTTCTTTC,T,9,16,1363_H4
16,56026240,.,C,CT,10,54,1363_H4
18,44164470,.,AC,A,17,28,1363_H4
20,21728408,.,G,GT,16,123,1363_H4
1,4310895,.,CTT,C,20,43,1673_CM_A2_2n
1,14084644,.,CTTAG,C,4,16,1673_CM_A2_2n
1,30412534,.,TTC,T,1,19,1673_CM_A2_2n
1,33598411,.,CAG,C,0,11,1673_CM_A2_2n
1,49229367,.,TAG,T,3,14,1673_CM_A2_2n
1,70946128,.,TAA,T,5,14,1673_CM_A2_2n
1,83472681,.,TCC,T,0,10,1673_CM_A2_2n
1,94375564,.,CAACG,C,2,8,1673_CM_A2_2n
1,108694341,.,ATC,A,9,21,1673_CM_A2_2n
1,113826495,.,CT,C,9,28,1673_CM_A2_2n
1,116123837,.,CTA,C,18,25,1673_CM_A2_2n
1,154225205,.,TTG,T,1,11,1673_CM_A2_2n
1,162247313,.,GC,G,15,35,1673_CM_A2_2n
1,168914854,.,GAATA,G,3,11,1673_CM_A2_2n
1,200081119,.,T,TG,5,22,1673_CM_A2_2n
1,200900306,.,GCTT,G,16,20,1673_CM_A2_2n
1,219636887,.,TC,T,44,36,1673_CM_A2_2n
1,226512703,.,C,CATAT,18,36,1673_CM_A2_2n
1,229668533,.,CAGG,C,2,25,1673_CM_A2_2n
1,232403690,.,TCTC,T,28,32,1673_CM_A2_2n
2,15504664,.,AAAG,A,11,20,1673_CM_A2_2n
2,51896176,.,TAA,T,7,16,1673_CM_A2_2n
2,53825944,.,AAG,A,4,16,1673_CM_A2_2n
2,100360222,.,AT,A,45,78,1673_CM_A2_2n
2,133450830,.,CTT,C,3,17,1673_CM_A2_2n
2,133727067,.,AAAGG,A,8,19,1673_CM_A2_2n
2,185749064,.,TAGGA,T,14,36,1673_CM_A2_2n
2,213844149,.,TAG,T,4,10,1673_CM_A2_2n
2,217993574,.,TAAAAATAAG,T,7,32,1673_CM_A2_2n
2,217994810,.,CAG,C,1,13,1673_CM_A2_2n
2,231007721,.,AAAAGT,A,9,32,1673_CM_A2_2n
2,235509290,.,CTAT,C,24,37,1673_CM_A2_2n
3,34258494,.,TTC,T,16,68,1673_CM_A2_2n
3,61864607,.,AT,A,1,16,1673_CM_A2_2n
3,81966436,.,TTTA,T,4,15,1673_CM_A2_2n
3,89005378,.,GATA,G,4,18,1673_CM_A2_2n
3,109312758,.,AATT,A,14,15,1673_CM_A2_2n
3,122714039,.,GGA,G,22,47,1673_CM_A2_2n
3,161771682,.,TAAAGACTTC,T,13,31,1673_CM_A2_2n
3,166934502,.,TCA,T,19,21,1673_CM_A2_2n
3,168300367,.,TAA,T,9,31,1673_CM_A2_2n
3,186781097,.,TAG,T,3,38,1673_CM_A2_2n
3,187461262,.,CCA,C,1,44,1673_CM_A2_2n
3,192445088,.,ACTTC,A,6,11,1673_CM_A2_2n
3,195640418,.,GCT,G,2,9,1673_CM_A2_2n
4,33728118,.,AAC,A,31,42,1673_CM_A2_2n
4,53138847,.,ATT,A,1,9,1673_CM_A2_2n
4,58613059,.,CAGG,C,18,16,1673_CM_A2_2n
4,77191048,.,CTG,C,9,29,1673_CM_A2_2n
4,78600223,.,TC,T,4,16,1673_CM_A2_2n
4,109182396,.,CCT,C,0,19,1673_CM_A2_2n
4,125436745,.,TAG,T,10,19,1673_CM_A2_2n
4,148199936,.,ACT,A,6,17,1673_CM_A2_2n
4,159561403,.,GCT,G,17,41,1673_CM_A2_2n
4,165897155,.,GTTA,G,32,49,1673_CM_A2_2n
4,168859471,.,CAG,C,25,31,1673_CM_A2_2n
4,184994481,.,CTCCT,C,3,14,1673_CM_A2_2n
5,2062862,.,C,CA,14,40,1673_CM_A2_2n
5,13006882,.,TAG,T,5,12,1673_CM_A2_2n
5,36436969,.,AAT,A,0,11,1673_CM_A2_2n
5,37056416,.,ATGT,A,4,25,1673_CM_A2_2n
5,67599416,.,CAG,C,2,14,1673_CM_A2_2n
5,79326032,.,A,AT,6,10,1673_CM_A2_2n
5,92529108,.,TTA,T,5,13,1673_CM_A2_2n
5,143798458,.,CCT,C,1,19,1673_CM_A2_2n
5,150191344,.,CAGT,C,2,9,1673_CM_A2_2n
5,156385675,.,ACC,A,20,21,1673_CM_A2_2n
5,156581879,.,TTC,T,20,17,1673_CM_A2_2n
6,14150040,.,TAG,T,3,17,1673_CM_A2_2n
6,48193625,.,AAGC,A,1,11,1673_CM_A2_2n
6,94337739,.,CTAG,C,19,30,1673_CM_A2_2n
6,135227691,.,TAG,T,2,8,1673_CM_A2_2n
6,144604898,.,GTTC,G,0,16,1673_CM_A2_2n
6,152372036,.,TTAA,T,10,18,1673_CM_A2_2n
7,14934660,.,GCT,G,1,10,1673_CM_A2_2n
7,29917887,.,ACT,A,21,21,1673_CM_A2_2n
7,33457103,.,ATC,A,0,11,1673_CM_A2_2n
7,71383161,.,TAG,T,23,32,1673_CM_A2_2n
7,117769437,.,TTG,T,14,25,1673_CM_A2_2n
7,125769437,.,CA,C,22,33,1673_CM_A2_2n
7,142001639,.,CCT,C,0,14,1673_CM_A2_2n
7,151255487,.,CG,C,6,16,1673_CM_A2_2n
8,760275,.,TTAA,T,4,13,1673_CM_A2_2n
8,3985419,.,TAA,T,7,21,1673_CM_A2_2n
8,12472998,.,ACTC,A,4,15,1673_CM_A2_2n
8,25187532,.,AAT,A,3,12,1673_CM_A2_2n
8,50983598,.,TTC,T,7,13,1673_CM_A2_2n
8,53282720,.,TTG,T,14,31,1673_CM_A2_2n
8,53418967,.,CAAG,C,13,57,1673_CM_A2_2n
8,115300014,.,ATAC,A,1,22,1673_CM_A2_2n
9,17124475,.,TA,T,2,24,1673_CM_A2_2n
9,85302364,.,TC,T,1,22,1673_CM_A2_2n
9,102814702,.,GCT,G,1,12,1673_CM_A2_2n
9,109733658,.,AC,A,8,18,1673_CM_A2_2n
9,123525641,.,TAG,T,4,21,1673_CM_A2_2n
9,126719860,.,TCC,T,2,12,1673_CM_A2_2n
9,128969484,.,CTG,C,15,29,1673_CM_A2_2n
10,17121096,.,TCTTC,T,0,10,1673_CM_A2_2n
10,26661937,.,TTTCA,T,18,24,1673_CM_A2_2n
10,38320323,.,ACC,A,1,9,1673_CM_A2_2n
10,53516794,.,CAG,C,6,15,1673_CM_A2_2n
10,85692577,.,TGG,T,8,14,1673_CM_A2_2n
10,86587847,.,AAGG,A,14,21,1673_CM_A2_2n
10,89762634,.,TTTA,T,3,17,1673_CM_A2_2n
10,95539457,.,CT,C,0,40,1673_CM_A2_2n
10,95903552,.,ATT,A,2,21,1673_CM_A2_2n
10,100955044,.,CCT,C,4,17,1673_CM_A2_2n
10,111837018,.,CACT,C,18,36,1673_CM_A2_2n
10,113631843,.,CCT,C,3,20,1673_CM_A2_2n
11,28640450,.,CTCA,C,15,31,1673_CM_A2_2n
11,29739507,.,CCT,C,19,40,1673_CM_A2_2n
11,30857535,.,TCAA,T,13,21,1673_CM_A2_2n
11,46153173,.,GAGAT,G,2,14,1673_CM_A2_2n
11,55937942,.,CT,C,1,10,1673_CM_A2_2n
11,58037765,.,GTAA,G,10,23,1673_CM_A2_2n
11,60622815,.,TC,T,9,25,1673_CM_A2_2n
11,80518902,.,TTTC,T,2,15,1673_CM_A2_2n
11,95617122,.,TTAC,T,0,10,1673_CM_A2_2n
11,99015453,.,TTC,T,9,15,1673_CM_A2_2n
11,107121133,.,TAAATGC,T,1,16,1673_CM_A2_2n
11,130962381,.,ACT,A,15,26,1673_CM_A2_2n
12,15310008,.,TTTC,T,2,36,1673_CM_A2_2n
12,16883026,.,TAG,T,6,23,1673_CM_A2_2n
12,24398100,.,ACT,A,11,18,1673_CM_A2_2n
12,28228333,.,TTC,T,22,22,1673_CM_A2_2n
12,53689195,.,GTC,G,3,12,1673_CM_A2_2n
12,69490437,.,TTGC,T,7,27,1673_CM_A2_2n
12,71407236,.,TG,T,0,27,1673_CM_A2_2n
12,79697954,.,TCCTCA,T,5,13,1673_CM_A2_2n
12,87567898,.,CAG,C,22,35,1673_CM_A2_2n
12,88316669,.,CA,C,37,44,1673_CM_A2_2n
12,106915624,.,TAG,T,16,21,1673_CM_A2_2n
12,124236787,.,TGTG,T,2,12,1673_CM_A2_2n
13,32483628,.,TTA,T,11,16,1673_CM_A2_2n
13,59634897,.,TTCA,T,22,28,1673_CM_A2_2n
13,76068402,.,TAG,T,6,38,1673_CM_A2_2n
13,86117258,.,AAT,A,7,29,1673_CM_A2_2n
13,101173882,.,AAT,A,7,16,1673_CM_A2_2n
14,23035098,.,AAG,A,5,22,1673_CM_A2_2n
14,67993458,.,AAAAC,A,1,13,1673_CM_A2_2n
16,6596459,.,TTC,T,24,26,1673_CM_A2_2n
16,11735375,.,AAAAT,A,0,11,1673_CM_A2_2n
16,56167704,.,TGGTA,T,3,14,1673_CM_A2_2n
16,79179603,.,TA,T,10,19,1673_CM_A2_2n
17,11501538,.,ATGCT,A,3,8,1673_CM_A2_2n
17,26184714,.,TTAA,T,4,43,1673_CM_A2_2n
17,31645888,.,CTGA,C,0,10,1673_CM_A2_2n
17,38718037,.,TTCTC,T,13,26,1673_CM_A2_2n
17,58889539,.,GAGT,G,2,33,1673_CM_A2_2n
17,67775442,.,CTAT,C,16,18,1673_CM_A2_2n
18,4410102,.,GCT,G,20,29,1673_CM_A2_2n
18,34950154,.,TAG,T,2,9,1673_CM_A2_2n
18,45175848,.,TTAG,T,11,21,1673_CM_A2_2n
18,46710103,.,TAG,T,4,20,1673_CM_A2_2n
18,55395822,.,TTAGAA,T,23,26,1673_CM_A2_2n
18,61494532,.,AAAAT,A,25,23,1673_CM_A2_2n
19,35403845,.,CACTT,C,7,44,1673_CM_A2_2n
19,55057657,.,AAGTG,A,6,16,1673_CM_A2_2n
20,38478260,.,GTTA,G,4,10,1673_CM_A2_2n
21,15376634,.,TCA,T,6,17,1673_CM_A2_2n
21,18996563,.,TTC,T,37,51,1673_CM_A2_2n
21,47651911,.,TC,T,2,50,1673_CM_A2_2n
1,56382633,.,TA,T,31,27,1673_CM_A3_2n
1,86262354,.,G,GA,6,12,1673_CM_A3_2n
1,184042139,.,AG,A,7,10,1673_CM_A3_2n
1,208237160,.,TTA,T,45,46,1673_CM_A3_2n
2,59680717,.,TCC,T,14,12,1673_CM_A3_2n
2,158685594,.,AT,A,3,13,1673_CM_A3_2n
2,169054231,.,TA,T,8,11,1673_CM_A3_2n
2,207731899,.,AAAC,A,13,18,1673_CM_A3_2n
3,134015971,.,ATATATATATATAT,A,7,13,1673_CM_A3_2n
5,136142448,.,AC,A,8,12,1673_CM_A3_2n
5,158496921,.,TC,T,21,29,1673_CM_A3_2n
6,68419269,.,TTTTC,T,24,29,1673_CM_A3_2n
6,68419275,.,GTTTCT,G,24,30,1673_CM_A3_2n
6,163936243,.,AATGTT,A,6,10,1673_CM_A3_2n
7,31051147,.,AG,A,12,24,1673_CM_A3_2n
7,42687187,.,A,AGG,20,23,1673_CM_A3_2n
7,48356091,.,TA,T,5,10,1673_CM_A3_2n
7,82328556,.,TG,T,3,21,1673_CM_A3_2n
7,85614671,.,CT,C,10,21,1673_CM_A3_2n
8,18645907,.,CCAAAT,C,16,24,1673_CM_A3_2n
8,93389629,.,CT,C,9,16,1673_CM_A3_2n
8,104522708,.,AAGG,A,2,8,1673_CM_A3_2n
9,12201548,.,CT,C,5,10,1673_CM_A3_2n
9,18272530,.,AG,A,11,30,1673_CM_A3_2n
9,29477263,.,CTTCACA,C,5,12,1673_CM_A3_2n
10,56449606,.,GTAAA,G,3,21,1673_CM_A3_2n
10,128242500,.,CACTT,C,17,16,1673_CM_A3_2n
12,8704430,.,TA,T,14,22,1673_CM_A3_2n
12,33749103,.,TC,T,5,21,1673_CM_A3_2n
12,108609943,.,TG,T,5,21,1673_CM_A3_2n
14,94762901,.,AT,A,19,29,1673_CM_A3_2n
14,103994480,.,AG,A,2,13,1673_CM_A3_2n
15,25099076,.,TG,T,25,34,1673_CM_A3_2n
15,38613325,.,GTAT,G,3,10,1673_CM_A3_2n
16,62470035,.,GA,G,14,20,1673_CM_A3_2n
18,39712604,.,TCATTATCACTAAAGTCCG,T,25,29,1673_CM_A3_2n
20,54241172,.,GC,G,11,19,1673_CM_A3_2n
1,6928849,.,TTGA,T,19,59,1673_CM_D2_2n
1,27349324,.,CTCT,C,2,32,1673_CM_D2_2n
1,49264217,.,G,GT,19,33,1673_CM_D2_2n
1,53061811,.,TTGTTA,T,4,33,1673_CM_D2_2n
1,89326582,.,GCT,G,0,15,1673_CM_D2_2n
1,104580964,.,TAG,T,1,11,1673_CM_D2_2n
1,118727937,.,CCACAG,C,0,24,1673_CM_D2_2n
1,183428662,.,CTAG,C,23,38,1673_CM_D2_2n
1,190502390,.,A,AT,1,10,1673_CM_D2_2n
1,230134551,.,GTTGC,G,0,19,1673_CM_D2_2n
2,7994307,.,TC,T,4,26,1673_CM_D2_2n
2,31071869,.,CCAG,C,7,17,1673_CM_D2_2n
2,46515799,.,GAACATTA,G,0,33,1673_CM_D2_2n
2,53700590,.,CAG,C,14,21,1673_CM_D2_2n
2,87511218,.,TCTCA,T,4,12,1673_CM_D2_2n
2,88366585,.,TCAAG,T,8,16,1673_CM_D2_2n
2,95770510,.,TAAG,T,0,46,1673_CM_D2_2n
2,129925903,.,ATCCT,A,68,153,1673_CM_D2_2n
2,136743999,.,GCT,G,2,12,1673_CM_D2_2n
2,150225933,.,CCT,C,19,95,1673_CM_D2_2n
2,165293717,.,AC,A,0,19,1673_CM_D2_2n
2,171950212,.,TAAG,T,10,29,1673_CM_D2_2n
2,174903060,.,CAAATA,C,17,34,1673_CM_D2_2n
2,177613859,.,TAC,T,11,41,1673_CM_D2_2n
2,185762750,.,TTTTA,T,2,13,1673_CM_D2_2n
2,186536599,.,TGAA,T,3,10,1673_CM_D2_2n
2,206472679,.,CTAA,C,19,52,1673_CM_D2_2n
2,209460706,.,CTTA,C,24,31,1673_CM_D2_2n
2,211717633,.,TTTAC,T,1,61,1673_CM_D2_2n
2,218172554,.,CTAA,C,2,10,1673_CM_D2_2n
2,232842498,.,TAG,T,8,49,1673_CM_D2_2n
3,9326614,.,CCT,C,20,33,1673_CM_D2_2n
3,42837554,.,TA,T,2,41,1673_CM_D2_2n
3,65081543,.,CAG,C,11,43,1673_CM_D2_2n
3,75986732,.,CAG,C,8,14,1673_CM_D2_2n
3,107549706,.,CTTACTAGG,C,12,32,1673_CM_D2_2n
3,110215343,.,AC,A,10,83,1673_CM_D2_2n
3,135326471,.,CCT,C,6,24,1673_CM_D2_2n
3,145868917,.,TAG,T,0,10,1673_CM_D2_2n
3,147379982,.,TTC,T,1,21,1673_CM_D2_2n
4,6226506,.,CAG,C,2,13,1673_CM_D2_2n
4,10947285,.,CAAG,C,5,17,1673_CM_D2_2n
4,22370594,.,AAC,A,4,36,1673_CM_D2_2n
4,86880558,.,TAG,T,3,16,1673_CM_D2_2n
4,99340238,.,ACT,A,2,9,1673_CM_D2_2n
4,120078609,.,CAAA,C,17,29,1673_CM_D2_2n
4,143539373,.,TAG,T,1,17,1673_CM_D2_2n
4,156701615,.,CT,C,0,13,1673_CM_D2_2n
5,2609766,.,CTCATCAGCTT,C,0,34,1673_CM_D2_2n
5,12494594,.,A,AC,1,9,1673_CM_D2_2n
5,25269821,.,TG,T,0,33,1673_CM_D2_2n
5,56877034,.,ATT,A,0,11,1673_CM_D2_2n
5,58114979,.,TAA,T,11,22,1673_CM_D2_2n
5,91557915,.,CTAAA,C,4,29,1673_CM_D2_2n
5,147490378,.,CTAA,C,0,28,1673_CM_D2_2n
5,167425475,.,TAG,T,6,29,1673_CM_D2_2n
5,169222619,.,TTTC,T,9,27,1673_CM_D2_2n
6,15671721,.,AAT,A,26,28,1673_CM_D2_2n
6,32161147,.,TGC,T,5,33,1673_CM_D2_2n
6,54058515,.,TAG,T,0,12,1673_CM_D2_2n
6,106422437,.,TTG,T,1,25,1673_CM_D2_2n
6,125806301,.,TGAA,T,3,13,1673_CM_D2_2n
7,7242892,.,CAG,C,9,25,1673_CM_D2_2n
7,12106384,.,TTAG,T,12,17,1673_CM_D2_2n
7,23331724,.,TGG,T,12,24,1673_CM_D2_2n
7,44651580,.,TAC,T,0,59,1673_CM_D2_2n
7,47702951,.,GT,G,6,27,1673_CM_D2_2n
7,65728888,.,G,GA,2,11,1673_CM_D2_2n
7,72103390,.,TAAA,T,0,29,1673_CM_D2_2n
7,87707871,.,AG,A,2,16,1673_CM_D2_2n
7,100861462,.,AGTT,A,4,34,1673_CM_D2_2n
7,119522497,.,TAAG,T,43,52,1673_CM_D2_2n
7,155101616,.,GAA,G,3,13,1673_CM_D2_2n
8,47629587,.,AG,A,1,33,1673_CM_D2_2n
8,48676272,.,ATGAGTGTGGGGTGTG,A,284,304,1673_CM_D2_2n
8,100863773,.,ACT,A,4,18,1673_CM_D2_2n
8,140285034,.,TTC,T,3,33,1673_CM_D2_2n
9,31067985,.,CAG,C,0,17,1673_CM_D2_2n
9,93129978,.,A,AT,3,12,1673_CM_D2_2n
9,105645706,.,TGG,T,19,30,1673_CM_D2_2n
9,112848563,.,TA,T,16,32,1673_CM_D2_2n
9,114328711,.,GGCT,G,11,21,1673_CM_D2_2n
9,125334165,.,AT,A,11,59,1673_CM_D2_2n
9,136647417,.,TTC,T,2,8,1673_CM_D2_2n
10,27491236,.,T,TA,2,12,1673_CM_D2_2n
10,29931260,.,GCA,G,6,13,1673_CM_D2_2n
10,75906199,.,TGG,T,1,26,1673_CM_D2_2n
10,90091748,.,TTTC,T,1,9,1673_CM_D2_2n
10,98955132,.,CAAG,C,0,15,1673_CM_D2_2n
10,108817316,.,TAG,T,0,41,1673_CM_D2_2n
11,4943409,.,TTTA,T,1,17,1673_CM_D2_2n
11,26682955,.,TTA,T,17,25,1673_CM_D2_2n
11,33067708,.,TCC,T,4,19,1673_CM_D2_2n
11,46124790,.,CTA,C,7,61,1673_CM_D2_2n
11,58025922,.,GT,G,0,11,1673_CM_D2_2n
11,94014831,.,TAG,T,36,49,1673_CM_D2_2n
12,42783821,.,TAG,T,2,11,1673_CM_D2_2n
12,50021085,.,TAG,T,4,18,1673_CM_D2_2n
12,67109983,.,TCC,T,0,15,1673_CM_D2_2n
12,73414041,.,TTC,T,12,23,1673_CM_D2_2n
12,100779540,.,CCT,C,8,15,1673_CM_D2_2n
12,102486793,.,GATT,G,0,12,1673_CM_D2_2n
12,109045463,.,AC,A,3,22,1673_CM_D2_2n
12,121610554,.,CACT,C,25,32,1673_CM_D2_2n
12,124579000,.,TGG,T,14,27,1673_CM_D2_2n
13,52895009,.,AAT,A,4,26,1673_CM_D2_2n
13,54785098,.,TG,T,0,16,1673_CM_D2_2n
13,57412383,.,A,AG,1,9,1673_CM_D2_2n
13,76651368,.,TAA,T,14,37,1673_CM_D2_2n
13,100317990,.,TTTA,T,1,15,1673_CM_D2_2n
14,31945196,.,TCA,T,9,17,1673_CM_D2_2n
14,54023162,.,CAAG,C,12,38,1673_CM_D2_2n
14,71144287,.,CAG,C,3,21,1673_CM_D2_2n
14,84996441,.,ACT,A,5,18,1673_CM_D2_2n
14,88831869,.,TTTA,T,1,24,1673_CM_D2_2n
14,93672971,.,TC,T,4,16,1673_CM_D2_2n
14,99440462,.,CCT,C,0,14,1673_CM_D2_2n
15,69135627,.,TCAG,T,10,32,1673_CM_D2_2n
15,99291856,.,TAG,T,1,27,1673_CM_D2_2n
16,50705502,.,AGATTTGAAG,A,2,15,1673_CM_D2_2n
16,77765766,.,TAG,T,2,11,1673_CM_D2_2n
17,11964864,.,GCT,G,16,37,1673_CM_D2_2n
17,16939480,.,ACATTT,A,2,39,1673_CM_D2_2n
17,40459497,.,GC,G,3,43,1673_CM_D2_2n
17,55746727,.,CCA,C,3,30,1673_CM_D2_2n
18,22215437,.,GT,G,6,23,1673_CM_D2_2n
18,23086824,.,CAG,C,5,33,1673_CM_D2_2n
18,56312876,.,ATGGAG,A,2,20,1673_CM_D2_2n
18,75409297,.,A,AT,2,8,1673_CM_D2_2n
18,77923164,.,GCT,G,11,31,1673_CM_D2_2n
19,8311434,.,CTAA,C,2,21,1673_CM_D2_2n
19,18000575,.,CAGT,C,1,12,1673_CM_D2_2n
19,36589560,.,G,GA,2,9,1673_CM_D2_2n
19,49553357,.,TTG,T,2,13,1673_CM_D2_2n
20,4288982,.,TAG,T,3,34,1673_CM_D2_2n
20,8288956,.,TTC,T,1,18,1673_CM_D2_2n
20,13918084,.,GGT,G,3,16,1673_CM_D2_2n
20,17816245,.,A,AG,2,10,1673_CM_D2_2n
20,34467727,.,CA,C,10,36,1673_CM_D2_2n
20,45759888,.,T,TG,1,9,1673_CM_D2_2n
20,56567549,.,AAGG,A,0,40,1673_CM_D2_2n
21,30011402,.,CTG,C,13,20,1673_CM_D2_2n
22,28831853,.,CTGG,C,26,49,1673_CM_D2_2n
22,48503447,.,CTG,C,0,12,1673_CM_D2_2n
1,28874419,.,TA,T,1,9,1743_A3
1,57527241,.,CTTT,C,8,13,1743_A3
1,60157156,.,TAG,T,5,11,1743_A3
1,62751666,.,CTG,C,2,9,1743_A3
1,98762180,.,T,TATAA,2,9,1743_A3
1,145642513,.,GCT,G,11,19,1743_A3
1,151562992,.,TCC,T,4,9,1743_A3
1,153260869,.,TAG,T,6,15,1743_A3
1,166202157,.,TTC,T,7,14,1743_A3
1,173988520,.,CTAA,C,4,9,1743_A3
1,194775515,.,AC,A,1,15,1743_A3
1,226546415,.,TAG,T,11,14,1743_A3
2,18528334,.,GCA,G,23,30,1743_A3
2,39345519,.,TTG,T,36,54,1743_A3
2,54045676,.,CAAG,C,0,12,1743_A3
2,54941862,.,TAG,T,1,10,1743_A3
2,65877430,.,AGAT,A,2,14,1743_A3
2,77882415,.,TTC,T,2,17,1743_A3
2,84132121,.,TAG,T,5,21,1743_A3
2,86173111,.,CCTA,C,3,14,1743_A3
2,135202602,.,TCCTG,T,0,11,1743_A3
2,146655489,.,TTC,T,11,26,1743_A3
2,154070303,.,CAG,C,6,25,1743_A3
2,185223940,.,TAA,T,1,21,1743_A3
2,193715997,.,ATT,A,7,18,1743_A3
2,200850596,.,TAG,T,25,46,1743_A3
2,211088027,.,TTC,T,11,24,1743_A3
2,212781668,.,GCT,G,22,26,1743_A3
2,218507697,.,CCT,C,17,31,1743_A3
2,235789899,.,GTAC,G,19,32,1743_A3
2,240212598,.,CAG,C,3,8,1743_A3
3,20345414,.,CCT,C,21,29,1743_A3
3,61265369,.,CATTT,C,22,26,1743_A3
3,73120876,.,TAG,T,9,22,1743_A3
3,82173254,.,TAG,T,0,27,1743_A3
3,88682464,.,TA,T,3,14,1743_A3
3,89306676,.,CTT,C,18,41,1743_A3
3,104984601,.,TATA,T,5,17,1743_A3
3,122314510,.,TGG,T,2,15,1743_A3
3,132051104,.,TC,T,6,14,1743_A3
3,133687135,.,CCA,C,4,16,1743_A3
3,153455402,.,TGG,T,26,30,1743_A3
4,21606022,.,CTAG,C,2,10,1743_A3
4,42706414,.,TGG,T,0,10,1743_A3
4,59708851,.,TGA,T,12,23,1743_A3
4,118903144,.,TAG,T,60,60,1743_A3
4,137920474,.,TCCAG,T,0,10,1743_A3
4,146165948,.,GAGCA,G,2,19,1743_A3
4,152777486,.,TAG,T,5,34,1743_A3
4,158199034,.,GTATATATGTATA,G,4,11,1743_A3
4,178332281,.,CTT,C,17,24,1743_A3
5,13299482,.,ACT,A,0,10,1743_A3
5,22633052,.,AC,A,17,30,1743_A3
5,23555353,.,TTTC,T,8,17,1743_A3
5,36492230,.,TAG,T,0,10,1743_A3
5,73789184,.,CCT,C,3,8,1743_A3
5,89341264,.,AAG,A,4,15,1743_A3
5,93661284,.,TAG,T,10,17,1743_A3
5,111746068,.,CTA,C,0,10,1743_A3
5,127208632,.,CAG,C,9,26,1743_A3
5,127703750,.,CCT,C,1,29,1743_A3
5,161347145,.,ACC,A,22,22,1743_A3
5,165434912,.,GCT,G,2,44,1743_A3
6,4031590,.,CAAT,C,28,28,1743_A3
6,21298957,.,TAG,T,1,23,1743_A3
6,26086059,.,GCT,G,2,12,1743_A3
6,40621309,.,CAG,C,7,13,1743_A3
6,44933328,.,TTTAAA,T,3,33,1743_A3
6,70897495,.,CCT,C,15,29,1743_A3
6,88656884,.,TAG,T,5,22,1743_A3
6,100567377,.,CTTG,C,1,15,1743_A3
6,113212308,.,TTC,T,1,11,1743_A3
6,123836676,.,ATAC,A,9,14,1743_A3
6,125676867,.,CCT,C,17,27,1743_A3
6,126848547,.,CAG,C,9,26,1743_A3
7,3546142,.,TTG,T,30,33,1743_A3
7,43498341,.,GTCT,G,3,15,1743_A3
7,78546227,.,TGG,T,9,18,1743_A3
7,93446962,.,TA,T,1,17,1743_A3
7,95989781,.,ACT,A,2,29,1743_A3
7,113615017,.,TTC,T,24,38,1743_A3
7,114595602,.,TTGG,T,13,14,1743_A3
7,116969879,.,AT,A,6,19,1743_A3
7,126572911,.,AAG,A,16,28,1743_A3
7,127583666,.,AGG,A,19,23,1743_A3
7,134830039,.,TTG,T,0,13,1743_A3
7,140710295,.,CCTT,C,4,14,1743_A3
7,142514811,.,TTTAA,T,26,75,1743_A3
7,152174488,.,TAAAA,T,6,11,1743_A3
8,15460963,.,GGTTA,G,2,34,1743_A3
8,18001565,.,TTCC,T,5,11,1743_A3
8,30126047,.,GCT,G,2,11,1743_A3
8,36911052,.,TAA,T,6,14,1743_A3
8,125310850,.,TCCA,T,8,18,1743_A3
8,134539139,.,GCT,G,7,12,1743_A3
8,135640328,.,AAT,A,8,15,1743_A3
9,29272555,.,CAG,C,0,28,1743_A3
9,35360943,.,TGG,T,15,16,1743_A3
9,36344575,.,CAG,C,6,22,1743_A3
9,92735672,.,TCA,T,10,18,1743_A3
9,105739687,.,TTG,T,11,35,1743_A3
10,35920191,.,GCT,G,27,38,1743_A3
10,66884283,.,GTC,G,16,20,1743_A3
10,90050410,.,TAA,T,13,20,1743_A3
10,90795799,.,TGG,T,7,18,1743_A3
10,105341564,.,TC,T,0,12,1743_A3
10,114911070,.,GTAC,G,6,15,1743_A3
11,42642090,.,TTC,T,15,23,1743_A3
11,47151077,.,TTC,T,11,14,1743_A3
11,82511644,.,TAG,T,14,36,1743_A3
11,85113848,.,GCCA,G,31,50,1743_A3
11,110947225,.,CAA,C,7,24,1743_A3
12,17562933,.,CAG,C,21,34,1743_A3
12,38732530,.,TAG,T,6,13,1743_A3
12,44841431,.,CAG,C,5,17,1743_A3
12,59059400,.,CCAG,C,14,21,1743_A3
12,62264834,.,TGAGAG,T,4,13,1743_A3
12,64019779,.,TA,T,3,23,1743_A3
12,72139112,.,TGG,T,0,17,1743_A3
12,80838464,.,AGCTT,A,4,13,1743_A3
12,114515641,.,CACT,C,10,29,1743_A3
12,120154810,.,GCT,G,3,11,1743_A3
12,127901168,.,CTT,C,26,40,1743_A3
13,30365013,.,CTCA,C,30,42,1743_A3
14,23303807,.,GCT,G,3,8,1743_A3
14,31884008,.,CCTGG,C,4,11,1743_A3
14,37830255,.,TTG,T,12,38,1743_A3
14,48413391,.,CTT,C,18,30,1743_A3
14,76215314,.,AAAAG,A,8,15,1743_A3
14,85108715,.,TTG,T,5,11,1743_A3
14,101862080,.,GCC,G,6,17,1743_A3
15,38167929,.,GCT,G,29,38,1743_A3
15,41896781,.,ACT,A,6,17,1743_A3
15,55903088,.,AAATT,A,15,18,1743_A3
15,83604434,.,AAGG,A,7,20,1743_A3
15,94156253,.,CTT,C,3,10,1743_A3
16,65237411,.,CTAA,C,2,30,1743_A3
17,15962533,.,CAA,C,13,27,1743_A3
18,29290516,.,GCC,G,5,41,1743_A3
18,29914016,.,TAG,T,15,25,1743_A3
18,37413890,.,TAAG,T,8,27,1743_A3
19,14905743,.,GCT,G,10,21,1743_A3
19,16730111,.,GTGAA,G,7,9,1743_A3
20,13145197,.,AAAT,A,9,16,1743_A3
20,29487713,.,TAC,T,13,17,1743_A3
20,54734395,.,GCA,G,0,16,1743_A3
20,56215960,.,ACT,A,10,21,1743_A3
21,16084941,.,CAAG,C,11,17,1743_A3
22,29119055,.,CTT,C,3,11,1743_A3
1,229817740,.,TCC,T,0,10,1743_C3
1,229817744,.,TCC,T,0,10,1743_C3
2,23588834,.,G,GTA,3,7,1743_C3
2,65961570,.,CCA,C,8,16,1743_C3
2,73824902,.,ACAGAGCT,A,7,20,1743_C3
2,102800580,.,AT,A,2,20,1743_C3
2,169495037,.,A,ATT,1,13,1743_C3
2,235825347,.,TAAA,T,1,9,1743_C3
4,31433926,.,CCA,C,32,41,1743_C3
4,166170569,.,TTAG,T,17,30,1743_C3
5,64710087,.,A,AT,6,11,1743_C3
7,6989050,.,A,ATAAAGG,5,18,1743_C3
8,8222984,.,C,CA,9,20,1743_C3
8,49239670,.,G,GGA,4,10,1743_C3
8,49953213,.,TA,T,6,13,1743_C3
9,71021858,.,CT,C,0,12,1743_C3
9,75039962,.,G,GA,2,13,1743_C3
10,9874747,.,AGAT,A,0,10,1743_C3
10,55672109,.,C,CA,2,8,1743_C3
10,97406982,.,CTTA,C,14,23,1743_C3
12,70679217,.,CG,C,5,13,1743_C3
12,91906818,.,GCA,G,11,39,1743_C3
13,29395107,.,TATA,T,5,11,1743_C3
13,55752005,.,CTT,C,10,28,1743_C3
14,38714568,.,CAATT,C,9,28,1743_C3
15,29588954,.,T,TA,4,11,1743_C3
16,48782423,.,TAG,T,28,49,1743_C3
17,9166805,.,TTC,T,0,14,1743_C3
1,49486710,.,GC,G,46,53,1743_F3
1,60664332,.,TA,T,2,13,1743_F3
1,63613479,.,C,CT,8,14,1743_F3
1,72291669,.,C,CA,9,19,1743_F3
1,73458034,.,CAGAGATAAGAGGTTGGGGTGTGGAAATAAGGGATTGGGGCACAG,C,15,18,1743_F3
1,162394029,.,CG,C,49,52,1743_F3
1,205878598,.,A,AT,38,34,1743_F3
1,222087162,.,AGGAAAAGACGTAGTCAGCATACCT,A,14,13,1743_F3
1,238770318,.,AC,A,4,11,1743_F3
2,54836128,.,TC,T,22,28,1743_F3
2,102132191,.,TC,T,13,18,1743_F3
2,103610196,.,AC,A,12,17,1743_F3
2,130401474,.,AG,A,13,30,1743_F3
3,19016390,.,C,CA,5,9,1743_F3
3,45394849,.,GA,G,7,19,1743_F3
3,80199075,.,TC,T,31,48,1743_F3
3,90467556,.,GT,G,7,11,1743_F3
3,103103971,.,AC,A,6,20,1743_F3
3,105096350,.,AC,A,19,40,1743_F3
3,152630833,.,C,CT,11,15,1743_F3
3,163280404,.,TC,T,13,14,1743_F3
3,164322433,.,TA,T,20,30,1743_F3
3,166895669,.,GC,G,3,18,1743_F3
3,170989034,.,TG,T,30,45,1743_F3
3,176094897,.,CT,C,6,10,1743_F3
4,45134012,.,TG,T,20,40,1743_F3
4,63863711,.,TGG,T,18,31,1743_F3
4,81874999,.,TG,T,18,27,1743_F3
4,86586124,.,GA,G,30,50,1743_F3
4,90490179,.,AC,A,12,33,1743_F3
4,107904948,.,AG,A,7,32,1743_F3
4,116298171,.,C,CA,8,15,1743_F3
4,118070011,.,TG,T,24,42,1743_F3
4,158520090,.,GT,G,7,32,1743_F3
4,163084617,.,TAA,T,7,14,1743_F3
4,174581298,.,C,CT,5,18,1743_F3
4,180396472,.,C,CT,6,17,1743_F3
5,8166648,.,TG,T,20,27,1743_F3
5,25793054,.,AC,A,28,29,1743_F3
5,27206756,.,CG,C,18,19,1743_F3
5,29684224,.,AT,A,5,43,1743_F3
5,45218098,.,A,AG,6,25,1743_F3
5,62643832,.,AT,A,12,18,1743_F3
5,101758428,.,T,TC,7,12,1743_F3
5,153006026,.,G,GTGTGTGTGTGTGTGTGTT,21,29,1743_F3
6,9766373,.,TG,T,6,20,1743_F3
6,27060688,.,C,CT,6,11,1743_F3
6,32071629,.,CT,C,9,15,1743_F3
6,62778608,.,GC,G,33,40,1743_F3
6,68856349,.,TC,T,19,54,1743_F3
6,100791028,.,G,GT,8,25,1743_F3
6,123301293,.,CATCA,C,14,33,1743_F3
6,129479999,.,ATCT,A,13,26,1743_F3
6,133756830,.,C,CT,12,18,1743_F3
6,146298962,.,GC,G,37,61,1743_F3
6,154310887,.,GA,G,14,21,1743_F3
7,34238645,.,TGATCCAGA,T,52,54,1743_F3
7,79345935,.,CA,C,4,13,1743_F3
7,104231776,.,GCATTTGTATGT,G,37,60,1743_F3
7,136660107,.,TC,T,43,54,1743_F3
8,63481068,.,G,GA,9,10,1743_F3
8,64737590,.,TC,T,23,20,1743_F3
8,81193003,.,CT,C,9,19,1743_F3
8,110456492,.,TC,T,12,24,1743_F3
8,117625050,.,ATTACGTCAGTTAAGATTAGG,A,12,20,1743_F3
9,31165267,.,C,CA,8,17,1743_F3
9,79981766,.,GATGT,G,6,9,1743_F3
9,87978089,.,AC,A,22,45,1743_F3
9,94197354,.,CA,C,8,11,1743_F3
9,121599240,.,AG,A,8,17,1743_F3
10,39143663,.,AT,A,4,19,1743_F3
11,19768042,.,CT,C,16,19,1743_F3
11,37734601,.,C,CA,10,13,1743_F3
11,92762629,.,GC,G,16,20,1743_F3
11,133658013,.,CG,C,6,13,1743_F3
12,19445801,.,AG,A,4,16,1743_F3
12,33289726,.,C,CT,18,28,1743_F3
12,87521457,.,AC,A,10,24,1743_F3
12,92463147,.,TTAGAA,T,10,31,1743_F3
12,131041863,.,GC,G,2,11,1743_F3
13,47000079,.,TG,T,22,27,1743_F3
13,53893174,.,GC,G,38,42,1743_F3
13,65591672,.,TG,T,35,31,1743_F3
13,69924485,.,AGG,A,22,39,1743_F3
13,83428288,.,AG,A,29,36,1743_F3
13,84198246,.,C,CA,4,19,1743_F3
13,87451521,.,G,GT,20,16,1743_F3
13,94371002,.,TA,T,15,94,1743_F3
14,43010671,.,AAATTATTACAGACAC,A,20,37,1743_F3
14,62985455,.,GA,G,34,35,1743_F3
15,27753269,.,CA,C,11,19,1743_F3
15,49943720,.,AG,A,1,13,1743_F3
15,54182695,.,CT,C,32,36,1743_F3
15,79842488,.,C,CT,12,16,1743_F3
16,52461726,.,C,CA,41,74,1743_F3
16,63564797,.,C,CA,14,28,1743_F3
17,12282672,.,TA,T,4,42,1743_F3
18,19671858,.,GC,G,1,11,1743_F3
18,26035931,.,TC,T,3,21,1743_F3
18,38377227,.,AG,A,22,28,1743_F3
18,76989108,.,GTGCTAA,G,10,21,1743_F3
19,27748685,.,CA,C,13,21,1743_F3
20,9988214,.,C,CA,32,51,1743_F3
1,13795672,.,A,AT,8,20,5828_CM_C2_2n
1,31349131,.,G,GC,28,49,5828_CM_C2_2n
1,85069075,.,CACTA,C,7,19,5828_CM_C2_2n
1,114995743,.,TG,T,4,14,5828_CM_C2_2n
1,205707476,.,G,GT,1,11,5828_CM_C2_2n
1,241383440,.,GAA,G,5,21,5828_CM_C2_2n
2,5501115,.,TAC,T,7,15,5828_CM_C2_2n
2,22315809,.,C,CT,2,9,5828_CM_C2_2n
2,46339471,.,A,AT,4,9,5828_CM_C2_2n
2,48620128,.,CCT,C,8,15,5828_CM_C2_2n
2,53300688,.,CATT,C,31,104,5828_CM_C2_2n
2,70065086,.,TGGG,T,12,18,5828_CM_C2_2n
2,79549743,.,GAA,G,10,16,5828_CM_C2_2n
2,127470821,.,G,GA,8,17,5828_CM_C2_2n
2,193537030,.,T,TA,5,11,5828_CM_C2_2n
2,239966187,.,T,TC,9,18,5828_CM_C2_2n
3,68786538,.,TGC,T,9,25,5828_CM_C2_2n
3,114573269,.,GCC,G,7,35,5828_CM_C2_2n
3,154288843,.,T,TA,12,22,5828_CM_C2_2n
3,157988445,.,C,CT,17,17,5828_CM_C2_2n
3,172071844,.,C,CT,8,20,5828_CM_C2_2n
3,181424822,.,T,TG,6,11,5828_CM_C2_2n
3,186570406,.,GA,G,7,18,5828_CM_C2_2n
3,189858953,.,CTA,C,3,31,5828_CM_C2_2n
4,779898,.,A,AC,10,15,5828_CM_C2_2n
4,19706908,.,TAG,T,13,21,5828_CM_C2_2n
4,41025884,.,AG,A,4,13,5828_CM_C2_2n
4,41188764,.,C,CTAT,24,55,5828_CM_C2_2n
4,129583336,.,TAG,T,2,15,5828_CM_C2_2n
4,135317733,.,CA,C,5,14,5828_CM_C2_2n
4,173478586,.,TAC,T,5,15,5828_CM_C2_2n
4,175934498,.,G,GT,16,37,5828_CM_C2_2n
5,14804960,.,ATAT,A,17,40,5828_CM_C2_2n
5,53754580,.,ACT,A,35,74,5828_CM_C2_2n
5,66766159,.,CA,C,1,12,5828_CM_C2_2n
5,85128197,.,CAA,C,7,13,5828_CM_C2_2n
5,115567261,.,GCTA,G,16,25,5828_CM_C2_2n
5,116435082,.,C,CA,5,16,5828_CM_C2_2n
5,122659447,.,TG,T,6,14,5828_CM_C2_2n
5,141014169,.,G,GT,13,25,5828_CM_C2_2n
6,39806032,.,AAGG,A,15,34,5828_CM_C2_2n
6,56995303,.,G,GA,3,11,5828_CM_C2_2n
6,65046776,.,C,CA,15,43,5828_CM_C2_2n
6,72627097,.,GCT,G,10,20,5828_CM_C2_2n
6,121110903,.,GT,G,10,19,5828_CM_C2_2n
6,127868686,.,CTATT,C,13,27,5828_CM_C2_2n
6,154997479,.,TTA,T,16,51,5828_CM_C2_2n
6,164770670,.,ATCCACTTT,A,4,43,5828_CM_C2_2n
7,93599940,.,C,CA,3,10,5828_CM_C2_2n
7,121772815,.,GC,G,12,40,5828_CM_C2_2n
7,137974379,.,TA,T,2,20,5828_CM_C2_2n
7,147179497,.,CAG,C,5,12,5828_CM_C2_2n
8,10394041,.,TATA,T,9,16,5828_CM_C2_2n
8,103857171,.,TCA,T,6,16,5828_CM_C2_2n
8,105795153,.,TAG,T,14,36,5828_CM_C2_2n
8,118356477,.,GC,G,7,28,5828_CM_C2_2n
9,77749050,.,CA,C,6,18,5828_CM_C2_2n
9,93077306,.,CTAA,C,4,32,5828_CM_C2_2n
9,109872439,.,T,TC,18,40,5828_CM_C2_2n
9,141085156,.,TGG,T,11,23,5828_CM_C2_2n
10,21069628,.,TATA,T,11,50,5828_CM_C2_2n
10,63799177,.,CCT,C,17,44,5828_CM_C2_2n
10,93799592,.,TAA,T,16,41,5828_CM_C2_2n
10,123124731,.,TGG,T,13,36,5828_CM_C2_2n
11,19290018,.,TA,T,58,80,5828_CM_C2_2n
11,23202233,.,CTTCT,C,8,26,5828_CM_C2_2n
11,46823219,.,CAA,C,14,20,5828_CM_C2_2n
11,55580292,.,C,CAT,1,18,5828_CM_C2_2n
11,92461591,.,TG,T,2,15,5828_CM_C2_2n
11,116071247,.,GC,G,13,35,5828_CM_C2_2n
12,30170168,.,C,CCA,43,63,5828_CM_C2_2n
12,50487653,.,CCCGGG,C,3,14,5828_CM_C2_2n
12,86371392,.,A,AT,10,41,5828_CM_C2_2n
13,52364260,.,G,GA,26,48,5828_CM_C2_2n
13,65008260,.,A,AGT,6,15,5828_CM_C2_2n
13,67032804,.,C,CA,6,13,5828_CM_C2_2n
14,31782099,.,G,GTC,13,17,5828_CM_C2_2n
14,52422317,.,T,TC,48,77,5828_CM_C2_2n
14,66696757,.,TAG,T,8,16,5828_CM_C2_2n
14,72853082,.,CT,C,19,29,5828_CM_C2_2n
15,40119588,.,C,CA,6,14,5828_CM_C2_2n
15,58784156,.,A,AG,11,17,5828_CM_C2_2n
16,11863243,.,C,CA,1,18,5828_CM_C2_2n
16,71551267,.,T,TA,20,37,5828_CM_C2_2n
17,29011159,.,AG,A,6,30,5828_CM_C2_2n
17,30682585,.,AAATT,A,6,86,5828_CM_C2_2n
17,32523934,.,G,GA,6,20,5828_CM_C2_2n
17,55369436,.,G,GA,21,38,5828_CM_C2_2n
17,77383107,.,T,TC,21,46,5828_CM_C2_2n
18,9821072,.,G,GT,3,10,5828_CM_C2_2n
18,31202902,.,G,GTT,60,81,5828_CM_C2_2n
18,40763362,.,A,AT,5,14,5828_CM_C2_2n
18,54739060,.,GCC,G,24,34,5828_CM_C2_2n
19,35286138,.,TGGGGTTA,T,13,24,5828_CM_C2_2n
19,48300694,.,C,CA,3,8,5828_CM_C2_2n
19,57137543,.,G,GAT,22,35,5828_CM_C2_2n
20,40587886,.,TAA,T,10,36,5828_CM_C2_2n
20,41976737,.,G,GA,0,11,5828_CM_C2_2n
20,61602633,.,AC,A,24,107,5828_CM_C2_2n
21,38298819,.,G,GT,8,19,5828_CM_C2_2n
22,50279007,.,A,AT,3,22,5828_CM_C2_2n
1,34983183,.,TA,T,16,60,5828_CM_G2_2n
1,45417007,.,TCAC,T,4,15,5828_CM_G2_2n
1,163144857,.,TG,T,0,28,5828_CM_G2_2n
1,186943900,.,ACTCATAG,A,8,38,5828_CM_G2_2n
1,234332595,.,GGA,G,2,10,5828_CM_G2_2n
2,196100316,.,CA,C,7,17,5828_CM_G2_2n
3,63650925,.,TA,T,3,27,5828_CM_G2_2n
3,88741725,.,T,TA,2,8,5828_CM_G2_2n
3,164353201,.,GA,G,0,23,5828_CM_G2_2n
3,181024028,.,GA,G,19,45,5828_CM_G2_2n
4,30882725,.,TATAG,T,18,25,5828_CM_G2_2n
4,93332552,.,AAT,A,28,49,5828_CM_G2_2n
5,24278753,.,A,AC,18,46,5828_CM_G2_2n
5,40311956,.,TAGTAG,T,11,51,5828_CM_G2_2n
5,98116713,.,T,TA,0,13,5828_CM_G2_2n
5,117634446,.,TTC,T,25,36,5828_CM_G2_2n
5,118533335,.,TCA,T,43,63,5828_CM_G2_2n
6,53026667,.,TCC,T,7,23,5828_CM_G2_2n
7,30178999,.,TTAC,T,7,16,5828_CM_G2_2n
7,71095452,.,TTC,T,4,12,5828_CM_G2_2n
8,13657798,.,CT,C,9,19,5828_CM_G2_2n
8,23289475,.,G,GT,5,10,5828_CM_G2_2n
8,24272343,.,TTA,T,2,10,5828_CM_G2_2n
8,106780362,.,TTA,T,12,26,5828_CM_G2_2n
9,76374175,.,TATTCCC,T,5,15,5828_CM_G2_2n
10,16141152,.,TAG,T,8,14,5828_CM_G2_2n
10,17714645,.,AG,A,1,35,5828_CM_G2_2n
10,21091714,.,GCC,G,35,44,5828_CM_G2_2n
10,53556513,.,ACT,A,1,17,5828_CM_G2_2n
10,105832309,.,ATCTT,A,2,13,5828_CM_G2_2n
11,44765885,.,CTG,C,1,19,5828_CM_G2_2n
11,60778799,.,GCC,G,2,10,5828_CM_G2_2n
11,117274808,.,TAG,T,4,24,5828_CM_G2_2n
12,66230813,.,GC,G,16,44,5828_CM_G2_2n
12,96269210,.,CATTA,C,1,11,5828_CM_G2_2n
13,43724145,.,AAGGGT,A,11,34,5828_CM_G2_2n
13,65463743,.,GTT,G,3,9,5828_CM_G2_2n
13,93163509,.,AG,A,10,17,5828_CM_G2_2n
14,38158650,.,AT,A,6,19,5828_CM_G2_2n
14,73091405,.,TTG,T,7,15,5828_CM_G2_2n
15,59723924,.,AG,A,3,10,5828_CM_G2_2n
16,65088879,.,TCTA,T,29,52,5828_CM_G2_2n
16,71722385,.,TAG,T,0,15,5828_CM_G2_2n
17,77263149,.,AG,A,4,16,5828_CM_G2_2n
18,18926284,.,TTTAC,T,36,78,5828_CM_G2_2n
18,47452753,.,AG,A,7,20,5828_CM_G2_2n
18,56017156,.,TAG,T,8,17,5828_CM_G2_2n
20,1403961,.,TG,T,19,26,5828_CM_G2_2n
20,59736685,.,GA,G,3,22,5828_CM_G2_2n
2,31820246,.,CA,C,0,47,5919_1_C4-2n
2,176787693,.,TG,T,22,33,5919_1_C4-2n
3,38021249,.,T,TCACA,6,24,5919_1_C4-2n
3,151373179,.,A,AT,0,18,5919_1_C4-2n
3,157283867,.,GT,G,1,48,5919_1_C4-2n
4,11036418,.,T,TA,1,13,5919_1_C4-2n
6,126755376,.,AC,A,0,46,5919_1_C4-2n
7,4904146,.,C,CTA,4,11,5919_1_C4-2n
7,100738261,.,CT,C,4,18,5919_1_C4-2n
7,123593780,.,CTGGAATGCCCCAAGTGAATTTTGTCT,C,0,15,5919_1_C4-2n
8,17062415,.,TATTGA,T,0,132,5919_1_C4-2n
8,27578617,.,CCCTCCCTCCCTCCCCA,C,1,11,5919_1_C4-2n
8,33907462,.,AT,A,4,27,5919_1_C4-2n
8,76786258,.,AG,A,1,70,5919_1_C4-2n
8,84580979,.,CA,C,30,36,5919_1_C4-2n
10,64581172,.,CT,C,1,16,5919_1_C4-2n
10,81043276,.,A,AG,2,12,5919_1_C4-2n
12,45224675,.,CCT,C,0,36,5919_1_C4-2n
12,55079992,.,C,CT,0,10,5919_1_C4-2n
12,97092271,.,T,TA,5,19,5919_1_C4-2n
13,55561455,.,AC,A,0,44,5919_1_C4-2n
13,57798342,.,TAAG,T,0,10,5919_1_C4-2n
13,65214282,.,GT,G,0,26,5919_1_C4-2n
13,102066519,.,A,AGCCACCG,0,44,5919_1_C4-2n
14,73755567,.,CA,C,1,49,5919_1_C4-2n
17,6766871,.,G,GA,11,22,5919_1_C4-2n
18,25725542,.,AG,A,18,53,5919_1_C4-2n
20,61420439,.,GAA,G,2,14,5919_1_C4-2n
21,26937659,.,AATGTATTTG,A,0,60,5919_1_C4-2n
1,16245086,.,AT,A,14,32,5919_1_D2-2n
1,21402342,.,A,AT,1,18,5919_1_D2-2n
2,39895360,.,TCTA,T,26,23,5919_1_D2-2n
2,52029770,.,GTT,G,34,49,5919_1_D2-2n
2,84195545,.,GA,G,1,31,5919_1_D2-2n
2,84814201,.,G,GAT,9,27,5919_1_D2-2n
2,135028605,.,T,TA,0,97,5919_1_D2-2n
2,186861089,.,T,TAG,7,18,5919_1_D2-2n
2,206745447,.,AGG,A,12,15,5919_1_D2-2n
2,212521685,.,TG,T,10,28,5919_1_D2-2n
2,220747343,.,GA,G,25,36,5919_1_D2-2n
3,18214913,.,TGG,T,36,39,5919_1_D2-2n
3,25598148,.,TGG,T,21,26,5919_1_D2-2n
3,139605524,.,TA,T,13,39,5919_1_D2-2n
3,154381951,.,CG,C,51,58,5919_1_D2-2n
3,193857398,.,AGACACATCAGCCG,A,18,23,5919_1_D2-2n
4,27452425,.,TC,T,39,58,5919_1_D2-2n
4,71879233,.,CG,C,41,79,5919_1_D2-2n
4,72637427,.,TC,T,30,50,5919_1_D2-2n
5,17413484,.,TTTG,T,5,22,5919_1_D2-2n
5,50642905,.,TA,T,13,16,5919_1_D2-2n
5,132019155,.,CAG,C,10,26,5919_1_D2-2n
6,117476872,.,AC,A,65,68,5919_1_D2-2n
6,170516649,.,TA,T,10,17,5919_1_D2-2n
8,33092406,.,GA,G,22,35,5919_1_D2-2n
9,12114698,.,TATG,T,35,57,5919_1_D2-2n
9,104629707,.,GAT,G,0,39,5919_1_D2-2n
9,126184159,.,C,CT,32,58,5919_1_D2-2n
10,7040076,.,GT,G,38,50,5919_1_D2-2n
10,36374182,.,A,AT,37,53,5919_1_D2-2n
10,111003368,.,AC,A,105,96,5919_1_D2-2n
11,15358653,.,TC,T,43,63,5919_1_D2-2n
11,33591845,.,GC,G,7,16,5919_1_D2-2n
11,42396534,.,GT,G,55,41,5919_1_D2-2n
12,8617582,.,GA,G,0,26,5919_1_D2-2n
12,12469583,.,C,CACACAT,28,27,5919_1_D2-2n
13,72855386,.,TG,T,11,27,5919_1_D2-2n
13,79452174,.,AT,A,63,71,5919_1_D2-2n
13,83651166,.,GC,G,32,59,5919_1_D2-2n
14,64153290,.,TTTGG,T,16,19,5919_1_D2-2n
14,64957533,.,ATG,A,40,35,5919_1_D2-2n
14,84970954,.,G,GAGT,7,60,5919_1_D2-2n
15,69414703,.,CA,C,12,20,5919_1_D2-2n
16,6233518,.,A,AATAAATAT,25,28,5919_1_D2-2n
18,58123066,.,ATT,A,0,57,5919_1_D2-2n
19,23038552,.,A,AT,27,31,5919_1_D2-2n
1,116481037,.,G,GT,5,11,5919_1_E3-2n
1,156275978,.,AAAGC,A,3,9,5919_1_E3-2n
1,192346354,.,TGACA,T,20,34,5919_1_E3-2n
2,223140423,.,C,CA,2,8,5919_1_E3-2n
3,74791183,.,A,AT,26,25,5919_1_E3-2n
3,149033356,.,TTC,T,83,112,5919_1_E3-2n
4,35380461,.,TTTAG,T,15,18,5919_1_E3-2n
4,38767862,.,GC,G,19,27,5919_1_E3-2n
4,134477392,.,G,GT,21,41,5919_1_E3-2n
7,57772472,.,CT,C,23,54,5919_1_E3-2n
7,70556611,.,AC,A,20,24,5919_1_E3-2n
7,144613614,.,CT,C,5,16,5919_1_E3-2n
8,76394870,.,TGG,T,19,31,5919_1_E3-2n
8,76394874,.,AT,A,20,31,5919_1_E3-2n
9,38711626,.,CTCT,C,12,14,5919_1_E3-2n
9,91933682,.,GC,G,0,12,5919_1_E3-2n
11,21469762,.,TA,T,34,34,5919_1_E3-2n
11,79731851,.,GT,G,28,40,5919_1_E3-2n
16,65845782,.,CACAGGG,C,13,24,5919_1_E3-2n
17,67506595,.,TATTA,T,6,16,5919_1_E3-2n
22,35010335,.,GC,G,17,49,5919_1_E3-2n
1,82522911,.,TG,T,3,12,5919_1_F6-2n
1,179687520,.,TA,T,36,50,5919_1_F6-2n
1,208921584,.,CCA,C,1,10,5919_1_F6-2n
1,213921819,.,TG,T,12,89,5919_1_F6-2n
2,83935189,.,CT,C,31,56,5919_1_F6-2n
2,168114403,.,CT,C,0,11,5919_1_F6-2n
3,754651,.,AC,A,6,58,5919_1_F6-2n
3,68441865,.,ACT,A,40,34,5919_1_F6-2n
4,3393523,.,TTG,T,15,26,5919_1_F6-2n
4,26945252,.,CAG,C,13,28,5919_1_F6-2n
4,47841560,.,TTC,T,13,18,5919_1_F6-2n
4,66136123,.,CTAG,C,2,21,5919_1_F6-2n
4,74133151,.,TC,T,16,30,5919_1_F6-2n
5,12036847,.,GC,G,4,51,5919_1_F6-2n
5,36947873,.,TAG,T,5,10,5919_1_F6-2n
5,54311326,.,TA,T,4,40,5919_1_F6-2n
5,97797768,.,GGTT,G,4,13,5919_1_F6-2n
5,153917133,.,TAG,T,3,24,5919_1_F6-2n
6,5117123,.,TCA,T,0,13,5919_1_F6-2n
6,108975862,.,TTAACGGGAAATCTTGTTTCTAACTGGAAATTTAA,T,1,14,5919_1_F6-2n
6,153565587,.,ACTCTCATCTTACAGTATCAGAAAT,A,48,120,5919_1_F6-2n
6,154590620,.,CCT,C,6,17,5919_1_F6-2n
8,125338919,.,TG,T,12,29,5919_1_F6-2n
9,10776266,.,GC,G,12,16,5919_1_F6-2n
9,101810843,.,C,CT,32,87,5919_1_F6-2n
10,12704211,.,TGG,T,27,29,5919_1_F6-2n
11,46949292,.,CT,C,35,61,5919_1_F6-2n
11,75027534,.,TG,T,6,20,5919_1_F6-2n
11,110474890,.,TTGC,T,4,10,5919_1_F6-2n
11,121218790,.,GCT,G,19,24,5919_1_F6-2n
12,60783920,.,TTC,T,0,40,5919_1_F6-2n
12,62626685,.,CTTA,C,28,24,5919_1_F6-2n
12,67323465,.,TTA,T,17,34,5919_1_F6-2n
13,27899167,.,AAC,A,31,36,5919_1_F6-2n
14,75210243,.,GA,G,25,39,5919_1_F6-2n
14,84064460,.,AT,A,0,38,5919_1_F6-2n
15,60754593,.,TAA,T,22,39,5919_1_F6-2n
16,56585671,.,TCC,T,7,14,5919_1_F6-2n
16,68954341,.,AAG,A,1,9,5919_1_F6-2n
17,50903311,.,CT,C,15,23,5919_1_F6-2n
17,66462455,.,CCTG,C,2,28,5919_1_F6-2n
18,58182006,.,ACG,A,19,24,5919_1_F6-2n
20,30169000,.,AT,A,11,20,5919_1_F6-2n
20,30169002,.,AATTT,A,11,20,5919_1_F6-2n
20,37371892,.,T,TA,2,9,5919_1_F6-2n
21,28686381,.,CT,C,19,28,5919_1_F6-2n