"","p_val","avg_log2FC","pct.1","pct.2","p_val_adj","cluster","gene"
"SRPX2",3.61520672650535e-227,6.91530037997958,0.161,0.003,1.08720111886195e-222,"9","SRPX2"
"SCARA5",5.07417648853015e-149,5.96390083575772,0.152,0.005,1.52595709539567e-144,"9","SCARA5"
"TCF21",1.60538564283315e-190,5.95712350377304,0.184,0.005,4.82787624369213e-186,"9","TCF21"
"COL12A1",3.4926319507749e-152,5.86451676347557,0.215,0.01,1.05033920655654e-147,"9","COL12A1"
"NOX4",9.28789365803832e-98,5.85484892298002,0.152,0.008,2.79314825978186e-93,"9","NOX4"
"DPT",2.77778128636609e-119,5.8207035365429,0.148,0.006,8.35362166248875e-115,"9","DPT"
"PLTP",2.00892807332343e-96,5.76806713283026,0.103,0.003,6.04144939490556e-92,"9","PLTP"
"CCDC80",1.59676515431413e-139,5.76578438380674,0.314,0.026,4.80195184856887e-135,"9","CCDC80"
"SULF1",7.02193043027089e-132,5.74470659566835,0.152,0.005,2.11170513829536e-127,"9","SULF1"
"SERPINF1",3.81692472145339e-94,5.72632199594897,0.197,0.015,1.14786377148268e-89,"9","SERPINF1"
"ZFP36",5.53174443346137e-87,5.71381204015287,0.233,0.023,1.66356150347484e-82,"9","ZFP36"
"SOD3",3.84013664122315e-116,5.68381055929797,0.152,0.007,1.15484429211504e-111,"9","SOD3"
"PI16",8.86716178461266e-101,5.66883468967511,0.126,0.005,2.66662156348657e-96,"9","PI16"
"ADH1B",5.18915423893629e-104,5.66417896452901,0.135,0.006,1.56053435427531e-99,"9","ADH1B"
"CCL2",4.06908666873925e-41,5.64037688647486,0.121,0.013,1.22369643388996e-36,"9","CCL2"
"PRELP",8.16281367945891e-111,5.62145726614934,0.157,0.007,2.45480295782368e-106,"9","PRELP"
"IGF1",2.4922982882879e-65,5.60807439057623,0.108,0.006,7.49508864236819e-61,"9","IGF1"
"CDH19",6.50383982235962e-127,5.5627854999031,0.323,0.031,1.95589974977821e-122,"9","CDH19"
"THBS2",2.66541988559536e-152,5.53367760324742,0.202,0.009,8.01571722195091e-148,"9","THBS2"
"MEG8",6.97514113144943e-167,5.50342627107145,0.215,0.009,2.09763419246079e-162,"9","MEG8"
"MEG3",6.92778390404883e-129,5.4715957532281,0.215,0.012,2.0833924534646e-124,"9","MEG3"
"COL6A3",2.69636985783088e-139,5.46651919790027,0.314,0.026,8.1087930734548e-135,"9","COL6A3"
"COL8A1",5.92257041399993e-153,5.39330563850841,0.265,0.016,1.7810946006022e-148,"9","COL8A1"
"F2R",1.42785923382582e-94,5.39128635350595,0.121,0.005,4.29400107388438e-90,"9","F2R"
"KCNT2",7.30470996274438e-70,5.3891371118665,0.13,0.008,2.19674542709612e-65,"9","KCNT2"
"COL4A4",1.72240525061534e-109,5.3864114552259,0.251,0.021,5.17978931017551e-105,"9","COL4A4"
"BGN",1.61198405112727e-88,5.36512571073974,0.117,0.005,4.84771963695503e-84,"9","BGN"
"PDGFRA",3.57643229200083e-147,5.36053359057627,0.229,0.012,1.07554048317341e-142,"9","PDGFRA"
"TFPI",3.84080979790791e-133,5.3448460701617,0.287,0.023,1.15504673052485e-128,"9","TFPI"
"COL3A1",1.06668080041384e-99,5.34118490435794,0.22,0.017,3.20782917108453e-95,"9","COL3A1"
"PTGIS",5.98939532286925e-57,5.30853757462318,0.13,0.011,1.80119085544647e-52,"9","PTGIS"
"COL5A1",2.17308838323593e-118,5.29973468078116,0.161,0.007,6.5351286949054e-114,"9","COL5A1"
"GFPT2",9.83015071236595e-95,5.28358806528985,0.148,0.008,2.95622122372981e-90,"9","GFPT2"
"BICC1",9.77298492900111e-128,5.26736420947735,0.265,0.02,2.9390297576985e-123,"9","BICC1"
"SCN7A",6.81943899763676e-103,5.26502213198078,0.314,0.036,2.0508098897593e-98,"9","SCN7A"
"SERPINE1",1.86014663627162e-59,5.24874731602609,0.126,0.009,5.59401897925964e-55,"9","SERPINE1"
"MFAP5",2.98121694371493e-110,5.21497487121384,0.188,0.011,8.96541371483391e-106,"9","MFAP5"
"SPRY1",3.82937424169321e-84,5.21229700129158,0.206,0.018,1.1516077157044e-79,"9","SPRY1"
"IGFBP3",1.8916143014473e-61,5.21086045733492,0.148,0.013,5.68865168874245e-57,"9","IGFBP3"
"VCAN",3.79263190976855e-132,5.20336537023022,0.256,0.018,1.1405581942247e-127,"9","VCAN"
"NNMT",7.05768565423822e-95,5.20011661899824,0.202,0.015,2.12245780679906e-90,"9","NNMT"
"BNC2",1.51018777921731e-70,5.19886733984801,0.139,0.01,4.54158770844022e-66,"9","BNC2"
"FBN1",6.40158656511258e-122,5.18323011023223,0.305,0.028,1.92514912772631e-117,"9","FBN1"
"C7",1.31337542391793e-102,5.17552882011287,0.318,0.037,3.9497139123484e-98,"9","C7"
"EGR1",3.2441027107534e-69,5.17412881510964,0.13,0.009,9.7559900820487e-65,"9","EGR1"
"IGFBP4",8.66241396594251e-91,5.17320772965451,0.202,0.016,2.60504775197789e-86,"9","IGFBP4"
"EGFR",2.63037646505683e-122,5.17068480394632,0.229,0.015,7.9103311433654e-118,"9","EGFR"
"ACSM3",2.66817590783971e-110,5.16783395958919,0.215,0.015,8.02400540764635e-106,"9","ACSM3"
"CD34",6.90999918139609e-124,5.16126941490409,0.179,0.009,2.07804405382124e-119,"9","CD34"
"ABCA9",7.15242712958624e-95,5.15524135128165,0.22,0.018,2.15094941068047e-90,"9","ABCA9"
"FBLN5",1.98566970905037e-89,5.14525754476019,0.143,0.008,5.97150451602719e-85,"9","FBLN5"
"FMO2",1.45125896506902e-62,5.14299811896254,0.13,0.01,4.36437108565207e-58,"9","FMO2"
"RHOJ",3.57668305394711e-73,5.14171477047187,0.117,0.006,1.07561589481352e-68,"9","RHOJ"
"LUM",1.31733520064753e-113,5.13810135372831,0.269,0.023,3.96162214890732e-109,"9","LUM"
"C11orf96",1.18354119888118e-88,5.12988717971494,0.161,0.01,3.55926344739537e-84,"9","C11orf96"
"MGST1",3.37468852512525e-66,5.11530601054297,0.148,0.012,1.01487008016092e-61,"9","MGST1"
"LY6E",3.00088931410555e-69,5.08522202158181,0.143,0.011,9.02457443430963e-65,"9","LY6E"
"COL5A3",4.70885895732121e-71,5.08270809066911,0.112,0.006,1.41609515423521e-66,"9","COL5A3"
"TAGLN2",6.81205698195695e-117,5.06089679144873,0.247,0.019,2.04858989618391e-112,"9","TAGLN2"
"CFD",2.21416612136463e-65,5.05558007377099,0.341,0.065,6.65866177677984e-61,"9","CFD"
"CFH",1.6545447636478e-95,5.05458129627508,0.193,0.014,4.97571246771803e-91,"9","CFH"
"CAMK2N1",9.26550387153251e-70,5.05240097925415,0.108,0.006,2.78641497928597e-65,"9","CAMK2N1"
"ANXA1",2.18773963912829e-84,5.05195875616465,0.166,0.012,6.57918941675051e-80,"9","ANXA1"
"SMOC2",6.18076588674567e-98,5.05139737776995,0.211,0.016,1.85874172512103e-93,"9","SMOC2"
"ELN",1.71097248081326e-56,5.03584039637815,0.108,0.007,5.14540754154972e-52,"9","ELN"
"AC011246.1",2.24160621336954e-69,5.03178558596318,0.184,0.018,6.7411823654662e-65,"9","AC011246.1"
"FN1",3.3778526221495e-88,5.01595491279987,0.305,0.039,1.01582161905902e-83,"9","FN1"
"ADGRB3",6.08741327154015e-106,4.99121415562974,0.26,0.023,1.83066779315027e-101,"9","ADGRB3"
"NEGR1",1.21004783412049e-90,4.98154508386514,0.314,0.04,3.63897685155055e-86,"9","NEGR1"
"NCAM2",5.23129276779518e-77,4.96887491578636,0.166,0.013,1.57320667405904e-72,"9","NCAM2"
"VIM",7.58200390519901e-85,4.96617032094129,0.336,0.05,2.2801360344105e-80,"9","VIM"
"TNXB",7.7498610424404e-96,4.93406934656971,0.22,0.018,2.3306157112931e-91,"9","TNXB"
"UNC5C",1.41902629565555e-73,4.92664430452151,0.139,0.009,4.26743777892493e-69,"9","UNC5C"
"PXDN",3.99739434873004e-90,4.90772017953504,0.135,0.007,1.20213640249358e-85,"9","PXDN"
"SERPING1",3.46790706747625e-108,4.89616106194317,0.242,0.019,1.04290369240213e-103,"9","SERPING1"
"FBLN2",5.50304659084173e-69,4.89539775694216,0.121,0.007,1.65493120126383e-64,"9","FBLN2"
"SPON1",2.96645791476829e-72,4.87815422653561,0.126,0.008,8.92102888708269e-68,"9","SPON1"
"COLEC12",5.09738261058618e-78,4.86071675653671,0.148,0.01,1.53293587248158e-73,"9","COLEC12"
"ABCA6",2.24678031154575e-99,4.86034401252009,0.287,0.03,6.75674243091152e-95,"9","ABCA6"
"IL33",6.3811825854369e-81,4.84495925610425,0.148,0.009,1.91901303891844e-76,"9","IL33"
"IFI16",1.42134640912016e-81,4.83847125351676,0.161,0.011,4.27441505614707e-77,"9","IFI16"
"KLF2",4.0674712489492e-55,4.83227791396528,0.148,0.014,1.22321062869649e-50,"9","KLF2"
"C3",1.37698741524086e-62,4.81909772919434,0.157,0.014,4.14101425385384e-58,"9","C3"
"CST3",3.91344197357597e-70,4.81645482387545,0.386,0.076,1.1768894047135e-65,"9","CST3"
"OGN",1.61342925864348e-58,4.79457470735478,0.121,0.009,4.85206580951854e-54,"9","OGN"
"PLSCR4",2.31232724455662e-69,4.79275832236358,0.112,0.006,6.95386172255511e-65,"9","PLSCR4"
"DCN",3.36265620060891e-33,4.7824888283885,0.404,0.154,1.01125159920912e-28,"9","DCN"
"C1R",4.49455606920296e-75,4.77936090989726,0.152,0.011,1.35164784669141e-70,"9","C1R"
"NOVA1",1.00947654540937e-65,4.76912537488938,0.121,0.008,3.03579881500959e-61,"9","NOVA1"
"MSC-AS1",7.89211734016557e-71,4.7631153945601,0.13,0.008,2.37339644770799e-66,"9","MSC-AS1"
"MAMDC2",1.24055857084423e-51,4.74283023614992,0.126,0.011,3.73073179009987e-47,"9","MAMDC2"
"EMP1",9.57381841044017e-99,4.73554754705358,0.184,0.012,2.87913441057167e-94,"9","EMP1"
"APOD",5.69397264035904e-13,4.72920858693952,0.336,0.196,1.71234839213517e-08,"9","APOD"
"EPHA3",3.08838001619216e-51,4.66948910241455,0.112,0.009,9.28768522269467e-47,"9","EPHA3"
"COL1A2",1.33307070345469e-95,4.66710049784315,0.238,0.021,4.00894352649927e-91,"9","COL1A2"
"IGFBP5",5.77120170930694e-44,4.66326473187992,0.251,0.049,1.73557349003988e-39,"9","IGFBP5"
"COL5A2",2.0731404858726e-83,4.66065986002953,0.211,0.019,6.23455538316468e-79,"9","COL5A2"
"LINC02802",7.95657734542133e-60,4.65394468058897,0.152,0.014,2.39278150508856e-55,"9","LINC02802"
"PTN",1.1382267524824e-63,4.63963663144771,0.157,0.014,3.42298931274031e-59,"9","PTN"
"LPCAT2",8.75118506109605e-37,4.57508207139776,0.121,0.014,2.63174388342342e-32,"9","LPCAT2"
"EBF2",1.16535151409037e-89,4.55363125239447,0.193,0.015,3.50456160832397e-85,"9","EBF2"
"ABI3BP",2.35601642431223e-89,4.5390449684885,0.323,0.043,7.08524819283416e-85,"9","ABI3BP"
"TUBA1B",2.606374916041e-68,4.53211733911535,0.193,0.02,7.83815128501011e-64,"9","TUBA1B"
"COL14A1",2.99750388975771e-36,4.52049659422794,0.112,0.012,9.01439344766836e-32,"9","COL14A1"
"MYO1B",1.25411071946244e-72,4.51242434455341,0.188,0.018,3.7714871666394e-68,"9","MYO1B"
"OSMR",3.57285831786813e-72,4.51050787019397,0.148,0.011,1.07446568193248e-67,"9","OSMR"
"CEBPD",5.76059174907728e-55,4.49473037097893,0.336,0.073,1.73238275670001e-50,"9","CEBPD"
"MGP",1.54263143269769e-28,4.49364779719176,0.345,0.13,4.63915550755176e-24,"9","MGP"
"ASPN",2.65862895921132e-50,4.45388929619809,0.108,0.008,7.99529486903619e-46,"9","ASPN"
"PLSCR1",9.92962245694317e-79,4.43930715743719,0.175,0.014,2.98613536147652e-74,"9","PLSCR1"
"EPB41L3",2.12654860134772e-48,4.43889521877386,0.112,0.009,6.395169608833e-44,"9","EPB41L3"
"UAP1",8.98344139024102e-57,4.42970666573106,0.274,0.046,2.70159032928718e-52,"9","UAP1"
"GULP1",2.96286950582193e-52,4.40274167470184,0.121,0.01,8.91023746485829e-48,"9","GULP1"
"ARHGAP6",2.63674738065168e-57,4.38081535918421,0.139,0.012,7.9294903978338e-53,"9","ARHGAP6"
"SVEP1",8.90634638218046e-59,4.30841639962932,0.126,0.01,2.67840554751313e-54,"9","SVEP1"
"PTMS",2.92578762469346e-76,4.29755586516759,0.179,0.015,8.79872112374064e-72,"9","PTMS"
"ADAMTSL3",6.0139696295052e-45,4.26535036585365,0.193,0.029,1.8085810866811e-40,"9","ADAMTSL3"
"COL15A1",3.83032031447772e-57,4.26361360727216,0.238,0.036,1.15189222817288e-52,"9","COL15A1"
"STEAP4",4.78325830335044e-52,4.25306282219957,0.143,0.014,1.43846926956658e-47,"9","STEAP4"
"ECM1",1.06910205826989e-32,4.2262353817815,0.112,0.014,3.21511061983504e-28,"9","ECM1"
"SH3BGRL3",1.41374993498858e-44,4.21572216284799,0.184,0.027,4.25157017949116e-40,"9","SH3BGRL3"
"DPYSL3",1.63317589888086e-52,4.20266981179485,0.112,0.008,4.91144988070442e-48,"9","DPYSL3"
"TIMP1",2.66321590163361e-39,4.20179151802184,0.233,0.047,8.00908918098276e-35,"9","TIMP1"
"TIAM1",1.38560883648583e-38,4.12943294125922,0.121,0.014,4.16694145396383e-34,"9","TIAM1"
"EBF1",4.22090141491985e-63,4.11378678984464,0.202,0.023,1.26935168250885e-58,"9","EBF1"
"S100A4",1.50959658208635e-47,4.10767481711568,0.148,0.017,4.53980980130827e-43,"9","S100A4"
"EMP3",4.83748074505632e-41,4.08294982382616,0.117,0.012,1.45477558446079e-36,"9","EMP3"
"CLIC1",1.96530131366502e-37,4.07916169427232,0.112,0.012,5.9102506405848e-33,"9","CLIC1"
"SMIM3",1.6549919173543e-30,4.07730047240165,0.112,0.015,4.97705719305957e-26,"9","SMIM3"
"AKT3",5.73763744322332e-58,4.07562187378054,0.22,0.03,1.72547970830055e-53,"9","AKT3"
"RCN1",3.01411176730106e-41,4.05655534752245,0.121,0.013,9.06433831780448e-37,"9","RCN1"
"EEF1A1",1.59702835105582e-69,4.03794183026583,0.368,0.069,4.80274336013016e-65,"9","EEF1A1"
"CALCRL",6.29245899751862e-52,4.0336638925835,0.135,0.012,1.89233119432377e-47,"9","CALCRL"
"CFL1",1.3085918884211e-57,4.02518951356597,0.193,0.023,3.93532838604876e-53,"9","CFL1"
"GLIS3",2.74069465729995e-63,4.02472998580522,0.184,0.019,8.24209104289815e-59,"9","GLIS3"
"YWHAH",1.16331402091315e-39,3.98689489118433,0.148,0.02,3.49843425509211e-35,"9","YWHAH"
"PID1",1.37376498163838e-50,3.97400549918932,0.238,0.039,4.13132342928111e-46,"9","PID1"
"H3F3B",2.76622807267457e-63,3.9675109527727,0.368,0.076,8.31887768295423e-59,"9","H3F3B"
"SPARCL1",9.30920679665848e-32,3.95200607624392,0.363,0.128,2.79955775995911e-27,"9","SPARCL1"
"RPLP0",2.03639378999494e-41,3.93951491388368,0.238,0.047,6.12404704465177e-37,"9","RPLP0"
"TPM4",1.93473514841756e-52,3.93561248266035,0.17,0.02,5.81832901183613e-48,"9","TPM4"
"ABCA10",4.38889148107713e-47,3.92399688950686,0.287,0.06,1.31987133510432e-42,"9","ABCA10"
"FTL",2.75056887026466e-47,3.91147332601777,0.278,0.056,8.27178576354691e-43,"9","FTL"
"COL6A2",9.38418217597922e-67,3.89294739923875,0.327,0.056,2.82210510578223e-62,"9","COL6A2"
"PREX2",3.19750310803461e-65,3.86341623981228,0.157,0.013,9.61585109679249e-61,"9","PREX2"
"LRP1",6.72574547534889e-41,3.85234130444856,0.247,0.051,2.02263343680167e-36,"9","LRP1"
"COL4A3",4.0848599850201e-47,3.84557830201337,0.197,0.029,1.2284399432951e-42,"9","COL4A3"
"S100A11",8.2365917373469e-46,3.82645967493816,0.202,0.031,2.47699023317233e-41,"9","S100A11"
"AFAP1",3.58790355110849e-33,3.80661543828966,0.13,0.018,1.07899023492486e-28,"9","AFAP1"
"JUNB",1.11622265833768e-48,3.77482687027381,0.265,0.049,3.35681640041891e-44,"9","JUNB"
"CRISPLD2",3.53450716020006e-44,3.7732159207219,0.139,0.016,1.06293233828696e-39,"9","CRISPLD2"
"LAMB1",7.28453144732459e-48,3.77312975005366,0.265,0.05,2.19067714215392e-43,"9","LAMB1"
"CXCL12",3.48570342705537e-44,3.75396587279976,0.117,0.011,1.04825559161836e-39,"9","CXCL12"
"GSN",3.84178187475982e-26,3.75167284430143,0.57,0.3,1.15533906319652e-21,"9","GSN"
"PCOLCE",1.23342698789517e-29,3.75148772479925,0.117,0.016,3.70928498069713e-25,"9","PCOLCE"
"ANXA5",1.40579929334687e-55,3.74001224917087,0.363,0.08,4.22766021488204e-51,"9","ANXA5"
"TUBB",1.97099761791582e-21,3.73738865018226,0.121,0.023,5.92738113635825e-17,"9","TUBB"
"ERRFI1",1.82631499076701e-19,3.7266901069703,0.13,0.028,5.49227707173362e-15,"9","ERRFI1"
"EPB41L2",4.62500855321492e-62,3.71977111830021,0.242,0.034,1.39087882220832e-57,"9","EPB41L2"
"PRDX4",8.9581887819209e-36,3.71320595117251,0.126,0.016,2.69399611238707e-31,"9","PRDX4"
"DCLK1",2.65688435655076e-43,3.71193519162303,0.224,0.04,7.99004832545509e-39,"9","DCLK1"
"RAN",3.64247705491552e-22,3.70588634844047,0.103,0.017,1.09540212472474e-17,"9","RAN"
"CDKN1C",7.31756230075369e-45,3.70498034147016,0.117,0.011,2.20061051070566e-40,"9","CDKN1C"
"SSR2",1.73259018014808e-28,3.7047912116992,0.143,0.025,5.21041844875931e-24,"9","SSR2"
"IFITM2",1.2628415158766e-32,3.6948408781642,0.143,0.022,3.7977432906957e-28,"9","IFITM2"
"HSPA13",6.02440865886505e-27,3.65530751258443,0.103,0.014,1.81172041598049e-22,"9","HSPA13"
"SLC9A9",6.50273450570452e-34,3.63566631033546,0.121,0.015,1.95556734790052e-29,"9","SLC9A9"
"AKAP12",1.97997837539001e-58,3.62757212594917,0.175,0.019,5.95438896831037e-54,"9","AKAP12"
"S100A6",7.1304609116597e-34,3.62562194857612,0.265,0.067,2.14434350996342e-29,"9","S100A6"
"FZD4",9.60498140934814e-24,3.62524746999908,0.121,0.021,2.88850605923327e-19,"9","FZD4"
"ROBO1",2.62873282528631e-27,3.62220966905099,0.152,0.029,7.90538822548351e-23,"9","ROBO1"
"RRBP1",3.25883544041073e-41,3.61845396736432,0.341,0.091,9.8002958199472e-37,"9","RRBP1"
"EPS8",1.92418611564071e-47,3.59269594028001,0.265,0.05,5.78660490556629e-43,"9","EPS8"
"IFITM3",4.87872039220034e-28,3.57050780967148,0.287,0.09,1.46717758354641e-23,"9","IFITM3"
"SOX9",2.91514183580672e-23,3.55573520185888,0.126,0.023,8.76670604282153e-19,"9","SOX9"
"ASAP2",6.04508495820361e-33,3.52451904057685,0.161,0.027,1.81793839948057e-28,"9","ASAP2"
"GNB2",2.26953618221532e-18,3.514861926987,0.103,0.02,6.82517616077615e-14,"9","GNB2"
"PCBP1",2.55168354599511e-18,3.50670015582001,0.108,0.021,7.67367792787109e-14,"9","PCBP1"
"SPARC",8.43464068419117e-43,3.5015616425392,0.17,0.024,2.53654949295681e-38,"9","SPARC"
"HNRNPAB",5.51815794905362e-19,3.50026947157359,0.135,0.03,1.65947564001889e-14,"9","HNRNPAB"
"PRDX1",3.83093831974518e-21,3.48435209763051,0.112,0.02,1.15207808089697e-16,"9","PRDX1"
"SELENOM",4.06479434582976e-35,3.46985633510109,0.166,0.027,1.22240560362138e-30,"9","SELENOM"
"TSHZ2",4.98415198477534e-30,3.45947034112383,0.121,0.017,1.49888402638149e-25,"9","TSHZ2"
"PLAC9",4.21886854237016e-23,3.45033801992542,0.117,0.02,1.26874033674698e-18,"9","PLAC9"
"ENG",2.13574268477195e-38,3.44850132347936,0.13,0.016,6.42281897591469e-34,"9","ENG"
"KIAA0040",3.28984217581299e-29,3.43035116395967,0.175,0.034,9.89354237532239e-25,"9","KIAA0040"
"BZW1",1.4817387009173e-28,3.41864003280156,0.211,0.049,4.4560327952686e-24,"9","BZW1"
"NCOA7",3.56852638436804e-20,3.40235986458567,0.179,0.048,1.073162939571e-15,"9","NCOA7"
"IL1R1",2.44944441307068e-34,3.39161223139172,0.161,0.026,7.36621418342746e-30,"9","IL1R1"
"ZFP36L2",1.25013426391581e-18,3.38817312505386,0.175,0.049,3.75952877187401e-14,"9","ZFP36L2"
"PFN1",3.79084253699414e-21,3.35466911224057,0.139,0.03,1.14002007615025e-16,"9","PFN1"
"ANXA2",1.70996222543963e-36,3.34564118149059,0.215,0.042,5.14236940056461e-32,"9","ANXA2"
"S100A13",8.94251400744887e-26,3.34435003820427,0.117,0.018,2.6892822374601e-21,"9","S100A13"
"RPL7A",1.28140539340305e-34,3.33641633908467,0.256,0.061,3.853570439581e-30,"9","RPL7A"
"KDELR2",4.09656631221108e-18,3.32635546963189,0.108,0.021,1.23196038707124e-13,"9","KDELR2"
"HLA-C",3.63170732912189e-28,3.32488674945649,0.152,0.028,1.09216334508683e-23,"9","HLA-C"
"BTG2",9.66796875590581e-37,3.32436706486186,0.278,0.066,2.90744824396355e-32,"9","BTG2"
"MECOM",7.24023547079956e-57,3.32057765172776,0.17,0.018,2.17735601313355e-52,"9","MECOM"
"THBS1",1.72087052407485e-23,3.30091676898708,0.278,0.093,5.17517392705031e-19,"9","THBS1"
"RTN4",7.96134163083742e-30,3.29804535341845,0.229,0.056,2.39421426864174e-25,"9","RTN4"
"TAGLN",6.26826969571336e-19,3.28481977095348,0.126,0.027,1.88505674559188e-14,"9","TAGLN"
"GUCY1B1",7.33770409288217e-19,3.2828549240891,0.135,0.031,2.20666775185245e-14,"9","GUCY1B1"
"PPIB",9.89974435140938e-28,3.27425844651357,0.242,0.064,2.97715011879934e-23,"9","PPIB"
"IFITM1",5.26016818792445e-35,3.27269457703154,0.135,0.018,1.58189037915452e-30,"9","IFITM1"
"CLMN",1.2050102845017e-28,3.25187346830252,0.108,0.014,3.62382742858197e-24,"9","CLMN"
"ELMO1",1.7596566254388e-31,3.2488172879081,0.157,0.027,5.29181536968209e-27,"9","ELMO1"
"MT2A",4.28646442981759e-09,3.24022255836258,0.112,0.038,0.000128906844797904,"9","MT2A"
"RPS5",7.14517528582115e-30,3.23425560810814,0.188,0.039,2.14876856370499e-25,"9","RPS5"
"RHOC",3.67425005568163e-14,3.23021413119395,0.103,0.024,1.10495721924514e-09,"9","RHOC"
"LAPTM4A",7.01837415487485e-40,3.22557046697429,0.318,0.08,2.11063565959551e-35,"9","LAPTM4A"
"NFKBIZ",1.40410351804635e-28,3.22502822982377,0.215,0.05,4.2225605098208e-24,"9","NFKBIZ"
"RPL8",6.40167441261649e-31,3.21577381226138,0.251,0.064,1.92517554610616e-26,"9","RPL8"
"HSP90B1",8.17475077582947e-20,3.20130356162786,0.363,0.162,2.4583928008152e-15,"9","HSP90B1"
"RPL19",5.16212526873497e-36,3.18518110216811,0.247,0.055,1.55240593206667e-31,"9","RPL19"
"LHFPL2",6.33857593285642e-15,3.17449182917975,0.135,0.036,1.90619994028791e-10,"9","LHFPL2"
"S100A10",3.93952945408115e-30,3.16617510374954,0.193,0.041,1.18473469272582e-25,"9","S100A10"
"ITM2B",1.67756477255288e-25,3.1629802395405,0.448,0.195,5.04494054049826e-21,"9","ITM2B"
"CALR",1.00663596114235e-14,3.14687872533525,0.161,0.05,3.0272563259434e-10,"9","CALR"
"HLA-E",3.57679038028284e-39,3.14159263104623,0.135,0.016,1.07564817106246e-34,"9","HLA-E"
"PTMA",1.57841738946925e-33,3.14011655784572,0.354,0.111,4.74677461535088e-29,"9","PTMA"
"RPS2",3.88744105050771e-20,3.136061833004,0.211,0.063,1.16907014711918e-15,"9","RPS2"
"CYBRD1",2.38381203766117e-23,3.12778728044671,0.184,0.046,7.16883794085843e-19,"9","CYBRD1"
"GSTP1",4.89281436703726e-19,3.12513216418189,0.152,0.038,1.47141606459912e-14,"9","GSTP1"
"HSPA5",4.37876293602318e-34,3.12416909896382,0.345,0.102,1.31682537775025e-29,"9","HSPA5"
"RPL10",4.14196489063394e-39,3.11947915747395,0.381,0.113,1.24561310156035e-34,"9","RPL10"
"STAT1",4.42349519424544e-22,3.11146584626385,0.166,0.039,1.33027770976543e-17,"9","STAT1"
"COL6A1",4.29623726389688e-29,3.11139806213608,0.3,0.092,1.29200743237171e-24,"9","COL6A1"
"CD81",6.0122834982344e-27,3.10627296508497,0.26,0.075,1.80807401642403e-22,"9","CD81"
"ARHGDIA",7.33079560845639e-19,3.10313286897456,0.126,0.027,2.20459016333109e-14,"9","ARHGDIA"
"SRM",6.54987465049065e-15,3.1005419309897,0.112,0.026,1.96974380364205e-10,"9","SRM"
"FTH1",1.14570574165277e-32,3.08835354230566,0.404,0.141,3.44548087687238e-28,"9","FTH1"
"HSPA8",1.21302446834444e-18,3.08754935547627,0.22,0.072,3.64792848365224e-14,"9","HSPA8"
"ABCA8",1.30665341630736e-46,3.08512116338892,0.646,0.256,3.92949881886112e-42,"9","ABCA8"
"RPL15",2.25892809724975e-17,3.07621577770503,0.148,0.039,6.79327446685917e-13,"9","RPL15"
"C1S",2.75136802001271e-33,3.07438159017542,0.278,0.071,8.27418904658422e-29,"9","C1S"
"HLA-A",2.26550925135019e-16,3.07149163527924,0.139,0.036,6.81306597158541e-12,"9","HLA-A"
"MMP21",2.74828645724681e-33,3.0699654017986,0.3,0.082,8.26492186287832e-29,"9","MMP2"
"ARPC5",3.08532356581063e-24,3.06593763776879,0.175,0.039,9.27849355946232e-20,"9","ARPC5"
"LTBP4",7.08368332654461e-28,3.06434014153879,0.278,0.082,2.13027608679176e-23,"9","LTBP4"
"RPS4X",1.89458708922613e-21,3.05638324746789,0.148,0.033,5.69759175342973e-17,"9","RPS4X"
"XBP1",8.19330844294535e-20,3.05481632420065,0.175,0.046,2.46397364804695e-15,"9","XBP1"
"LEPROT",2.96224640421652e-20,3.03838283211663,0.139,0.03,8.90836361140034e-16,"9","LEPROT"
"RAPH1",4.39963765994293e-16,3.0351882631565,0.157,0.045,1.32310303347464e-11,"9","RAPH1"
"KDELR1",2.80034256369759e-16,3.01866299883372,0.152,0.042,8.42147019180778e-12,"9","KDELR1"
"TMEM214",5.05397727329291e-13,3.01648283086343,0.103,0.025,1.51988258539738e-08,"9","TMEM214"
"PDIA4",3.45352020295902e-18,3.0136028752303,0.135,0.031,1.03857713063586e-13,"9","PDIA4"
"ATP6V0C",1.71886577322421e-23,3.01301004405612,0.135,0.025,5.16914503981717e-19,"9","ATP6V0C"
"KAZN",8.35104564153335e-20,3.01183445994079,0.175,0.046,2.51140995577833e-15,"9","KAZN"
"TSC22D3",2.17101767276025e-17,3.00067341996644,0.121,0.027,6.5289014472919e-13,"9","TSC22D3"
"BHLHE401",2.45674317852458e-15,2.9946718805353,0.184,0.059,7.38816376077696e-11,"9","BHLHE40"
"PDE5A",1.92822470064081e-19,2.99390142066474,0.121,0.024,5.7987501422371e-15,"9","PDE5A"
"RACK1",2.9982785336116e-27,2.98234990274929,0.229,0.059,9.01672303413017e-23,"9","RACK1"
"PPIA",5.36100213579022e-15,2.97244499718446,0.166,0.051,1.61221417229619e-10,"9","PPIA"
"RNF24",7.02131434639635e-29,2.9684204394873,0.175,0.034,2.11151986339177e-24,"9","RNF24"
"HTRA3",1.17753659472937e-17,2.96517456932383,0.117,0.025,3.54120580132964e-13,"9","HTRA3"
"SRP14",5.88066373570792e-26,2.94722873592372,0.193,0.045,1.76849200523944e-21,"9","SRP14"
"RPL29",3.4477610018008e-18,2.93854358736368,0.157,0.041,1.03684516607155e-13,"9","RPL29"
"LTBP2",5.7794226090984e-13,2.91070022278558,0.112,0.029,1.73804576123416e-08,"9","LTBP2"
"GADD45B",1.96747493272401e-14,2.90417266120784,0.126,0.033,5.91678736518093e-10,"9","GADD45B"
"EIF1",2.35919879320427e-26,2.90251235022426,0.341,0.12,7.09481853080319e-22,"9","EIF1"
"RAB23",3.79964147682852e-14,2.89691958942601,0.112,0.027,1.14266618132664e-09,"9","RAB23"
"ANOS1",4.70614324982765e-11,2.89250857064338,0.103,0.029,1.41527845952067e-06,"9","ANOS1"
"RPS8",7.39399039106557e-46,2.87894358630905,0.372,0.095,2.22359473030515e-41,"9","RPS8"
"PAPPA",8.59557215556945e-11,2.87461009468773,0.112,0.033,2.5849464143444e-06,"9","PAPPA"
"LGALS1",9.45255291446217e-28,2.87141415076059,0.211,0.05,2.84266623796621e-23,"9","LGALS1"
"SPOCK1",1.80445171568745e-17,2.86305432419465,0.126,0.028,5.42652764458688e-13,"9","SPOCK1"
"MIF",4.45376107417053e-19,2.85186099284684,0.148,0.036,1.3393795678353e-14,"9","MIF"
"NORAD",1.28322034367281e-27,2.84620112759615,0.224,0.054,3.85902853952726e-23,"9","NORAD"
"RAB8B",2.43042977963991e-15,2.84027788759373,0.135,0.035,7.3090314763111e-11,"9","RAB8B"
"LDHA",2.3955530251856e-17,2.84025628489961,0.166,0.046,7.20414661264066e-13,"9","LDHA"
"RPL18",1.23373865664356e-25,2.83559508246218,0.238,0.066,3.71022226212417e-21,"9","RPL18"
"RPL18A",9.30801586259842e-28,2.83377295814106,0.206,0.048,2.79919961035922e-23,"9","RPL18A"
"GABARAP",1.15046446295671e-15,2.8177224901434,0.135,0.035,3.45979177944971e-11,"9","GABARAP"
"PLXDC2",5.99285242578497e-18,2.81726439000177,0.166,0.046,1.80223051000631e-13,"9","PLXDC2"
"LGALS3",4.22144209800243e-30,2.81703938625449,0.283,0.078,1.26951428213227e-25,"9","LGALS3"
"HLA-B",2.85717412927355e-19,2.81656460438492,0.161,0.041,8.59237975896434e-15,"9","HLA-B"
"IER2",4.00623570581928e-15,2.81632757924481,0.117,0.028,1.20479526381103e-10,"9","IER2"
"SRI",4.41304733834631e-11,2.80746560350697,0.103,0.029,1.32713572606089e-06,"9","SRI"
"GASK1B",5.79105145872356e-21,2.7930445414293,0.233,0.072,1.74154290518194e-16,"9","GASK1B"
"PDGFD",1.5392844074214e-17,2.78887750796517,0.247,0.09,4.62908999843836e-13,"9","PDGFD"
"FOS1",1.80779913643621e-15,2.78489844224478,0.22,0.075,5.43659434300461e-11,"9","FOS"
"RPL14",5.60746457161886e-28,2.77246538247499,0.278,0.08,1.68633282062294e-23,"9","RPL14"
"PPA1",2.02054243498137e-15,2.75787844058308,0.139,0.037,6.07637726471948e-11,"9","PPA1"
"PLA2G5",3.73951261328815e-26,2.75161678140099,0.309,0.1,1.12458362819414e-21,"9","PLA2G5"
"YWHAB",4.23500767548388e-22,2.74541253476888,0.22,0.062,1.27359385824827e-17,"9","YWHAB"
"EFEMP1",2.7149888032031e-11,2.73185832153143,0.103,0.028,8.1647858278727e-07,"9","EFEMP1"
"ALDOA",1.0264270580297e-10,2.69451896287091,0.112,0.034,3.08677409161271e-06,"9","ALDOA"
"SPRY2",1.12843417908601e-08,2.68958824353003,0.117,0.041,0.000339354010676535,"9","SPRY2"
"IL6ST",6.84667677635503e-34,2.66366379145623,0.493,0.184,2.05900110695325e-29,"9","IL6ST"
"TMBIM6",8.4217200909565e-16,2.65995063178543,0.242,0.092,2.53266388295335e-11,"9","TMBIM6"
"PGAM1",1.967297658141e-13,2.65207802244654,0.108,0.026,5.91625424732744e-09,"9","PGAM1"
"SELENOP",3.88077410334918e-11,2.6412724442369,0.139,0.047,1.1670651961002e-06,"9","SELENOP"
"SKIL",3.20608916613418e-11,2.64044422578067,0.175,0.068,9.64167194931532e-07,"9","SKIL"
"OAZ1",1.23053093194505e-21,2.63350119502539,0.238,0.072,3.70057567163836e-17,"9","OAZ1"
"RPL4",7.20849423632246e-15,2.62536864777402,0.161,0.048,2.16781047168925e-10,"9","RPL4"
"TMSB4X",4.35676922485352e-20,2.61978808010587,0.166,0.042,1.3102112089902e-15,"9","TMSB4X"
"MYL12B",2.90779747756799e-19,2.61821123140237,0.17,0.044,8.74461935429022e-15,"9","MYL12B"
"DAD1",2.29006641690401e-17,2.61533533357452,0.17,0.047,6.88691673555543e-13,"9","DAD1"
"SOAT1",1.14129912497497e-17,2.61260499701116,0.143,0.035,3.43222885853724e-13,"9","SOAT1"
"MAML2",9.05242544914243e-23,2.60800045385841,0.274,0.091,2.7223359053206e-18,"9","MAML2"
"TMED2",9.29847310969726e-25,2.60578808628616,0.206,0.051,2.79632981827926e-20,"9","TMED2"
"EID1",3.95515134963998e-13,2.60352775131434,0.135,0.039,1.18943266537723e-08,"9","EID1"
"RPS26",1.85900340167484e-17,2.60129861622301,0.193,0.059,5.59058092985674e-13,"9","RPS26"
"SDC2",7.31845348190261e-09,2.60129560002935,0.148,0.06,0.000220087851561257,"9","SDC2"
"CD63",2.10213810571575e-14,2.59872451522364,0.175,0.058,6.32175992531898e-10,"9","CD63"
"PLCB1",3.52735664523473e-26,2.59260471671673,0.265,0.077,1.06078196392144e-21,"9","PLCB1"
"PDIA6",1.30834597664458e-10,2.58022331355584,0.184,0.074,3.93458885556325e-06,"9","PDIA6"
"RPS23",3.12876408141139e-13,2.57371734689821,0.166,0.056,9.40913222202846e-09,"9","RPS23"
"GPX4",5.93012766324673e-13,2.57165102097977,0.152,0.049,1.78336729216819e-08,"9","GPX4"
"CTSL",1.04488950401904e-09,2.57009524213311,0.103,0.031,3.14229620543645e-05,"9","CTSL"
"RPL10A",2.86753565961712e-11,2.56584087049967,0.148,0.052,8.62353998916657e-07,"9","RPL10A"
"TMSB10",6.48239942603058e-17,2.55154697951527,0.202,0.066,1.94945197939018e-12,"9","TMSB10"
"DPYSL2",4.03413528295669e-18,2.54834429709311,0.265,0.096,1.21318550364356e-13,"9","DPYSL2"
"SPATA6",1.28464592589206e-19,2.54632037205431,0.305,0.118,3.8633156929352e-15,"9","SPATA6"
"EIF1AX",2.58755651850067e-18,2.54082756804423,0.202,0.06,7.78155871808706e-14,"9","EIF1AX"
"ANTXR1",3.64173559731961e-11,2.53915615717847,0.108,0.03,1.09517914618193e-06,"9","ANTXR1"
"PLAGL1",5.71936688936537e-16,2.52175353104772,0.184,0.057,1.71998520463885e-11,"9","PLAGL1"
"SAP18",3.59428569017506e-11,2.52128704842809,0.108,0.03,1.08090953560635e-06,"9","SAP18"
"SPCS1",2.04922660644365e-15,2.52106415564339,0.126,0.031,6.16263917355799e-11,"9","SPCS1"
"PRICKLE2",1.49247372729745e-15,2.51340576501857,0.188,0.061,4.48831624010161e-11,"9","PRICKLE2"
"PSMC3",2.73768931307582e-08,2.50979670082586,0.108,0.037,0.000823305307121291,"9","PSMC3"
"ACTG1",7.94238638408025e-37,2.50552084228938,0.556,0.207,2.38851385728445e-32,"9","ACTG1"
"SRPRA",7.2239320649036e-09,2.50460219288989,0.103,0.034,0.000217245308987846,"9","SRPRA"
"RHOB",5.81404395985626e-21,2.49656572725622,0.22,0.062,1.74845744004757e-16,"9","RHOB"
"PDIA3",8.78636778673987e-19,2.49317454897099,0.345,0.141,2.64232438450628e-14,"9","PDIA3"
"UBB",4.45163327278851e-14,2.48866221412451,0.139,0.039,1.33873967412569e-09,"9","UBB"
"RPL3",1.41164387435221e-11,2.48793235215448,0.117,0.033,4.2452366233394e-07,"9","RPL3"
"SELENOS",5.12033261795983e-17,2.47667071287515,0.22,0.074,1.53983762819906e-12,"9","SELENOS"
"MYADM",2.07543122819918e-13,2.47017494869936,0.152,0.047,6.24144433256339e-09,"9","MYADM"
"PARP14",9.57661656685189e-21,2.45636957797037,0.17,0.041,2.87997590014937e-16,"9","PARP14"
"ZFP36L1",5.68264561536563e-13,2.45280534876813,0.206,0.079,1.70894201590891e-08,"9","ZFP36L1"
"FGF7",4.45640216660552e-18,2.44403081810704,0.327,0.128,1.34017382356328e-13,"9","FGF7"
"ARF1",2.87211072960711e-13,2.44325608005452,0.215,0.083,8.63729859714747e-09,"9","ARF1"
"RPS12",2.06342381020046e-12,2.44104059448056,0.166,0.058,6.20533442441584e-08,"9","RPS12"
"GOLT1B",1.24217684252811e-08,2.4407337810687,0.103,0.034,0.000373559841853477,"9","GOLT1B"
"PCOLCE2",7.62565100793365e-13,2.44042267679009,0.278,0.125,2.29326202761589e-08,"9","PCOLCE2"
"CCN1",4.5044829588593e-08,2.43922105551208,0.17,0.074,0.00135463316021776,"9","CCN1"
"ARF4",3.17187988024015e-08,2.43216334485735,0.161,0.07,0.00095387943638462,"9","ARF4"
"RTL8C",1.52332028377623e-09,2.43123898483228,0.126,0.043,4.58108108940025e-05,"9","RTL8C"
"ATXN7L3B",9.38063181147241e-19,2.43071286194941,0.152,0.036,2.8210374046641e-14,"9","ATXN7L3B"
"TIMP2",9.66960995851912e-16,2.42780258462772,0.26,0.102,2.90794180282545e-11,"9","TIMP2"
"RPSA",5.80778378824172e-13,2.4122119403675,0.175,0.06,1.74657481863793e-08,"9","RPSA"
"RPL11",6.75543296710176e-16,2.40494712518372,0.251,0.097,2.03156135619651e-11,"9","RPL11"
"PRRC1",8.14098783549128e-09,2.39428266485467,0.117,0.04,0.000244823927176729,"9","PRRC1"
"TCF4",1.24348808932094e-20,2.39132176098075,0.287,0.105,3.73954173101487e-16,"9","TCF4"
"FAU",1.48569612969558e-15,2.38727114419422,0.166,0.049,4.46793397083353e-11,"9","FAU"
"IGFBP7",1.16465077506566e-22,2.37026656134515,0.664,0.377,3.50245427585494e-18,"9","IGFBP7"
"KHDRBS31",4.95387056995862e-17,2.37002548719739,0.233,0.08,1.48977749650365e-12,"9","KHDRBS3"
"RAB31",4.86269311287978e-09,2.36242849493794,0.103,0.033,0.000146235769983634,"9","RAB31"
"GPX3",2.6349227978592e-09,2.36205287073913,0.233,0.112,7.92400333000199e-05,"9","GPX3"
"GABARAPL2",3.47443045025161e-17,2.35777752911859,0.166,0.046,1.04486546930417e-12,"9","GABARAPL2"
"LAMC1",9.55437007561578e-22,2.35709547813037,0.502,0.244,2.87328571283993e-17,"9","LAMC1"
"EIF4A1",2.15258233451593e-08,2.35188197556726,0.184,0.085,0.000647346085458976,"9","EIF4A1"
"ARPC4",2.45053737058545e-11,2.34918186725348,0.108,0.03,7.36950103456161e-07,"9","ARPC4"
"DDX21",1.10461861310356e-15,2.33710428073877,0.265,0.103,3.32191955518632e-11,"9","DDX21"
"BTG1",1.24610217665886e-13,2.32402970894616,0.148,0.044,3.7474030758662e-09,"9","BTG1"
"TPI1",3.0462342789234e-16,2.31051863652579,0.184,0.056,9.16094034700633e-12,"9","TPI1"
"SRPX",3.02610449927022e-11,2.3093312120477,0.197,0.079,9.10040406065533e-07,"9","SRPX"
"COX6A1",1.72198378341554e-08,2.30927899659298,0.103,0.034,0.000517852183186556,"9","COX6A1"
"PNO1",4.63312901104289e-09,2.30690020131459,0.103,0.032,0.000139332088749093,"9","PNO1"
"FAM3C",4.80619211825994e-12,2.3058021407694,0.179,0.065,1.44536615572431e-07,"9","FAM3C"
"SET",4.47680222725095e-15,2.29968992918907,0.179,0.057,1.34630873380118e-10,"9","SET"
"CDKL1",5.00137826328772e-14,2.29759800911773,0.13,0.034,1.50406448511852e-09,"9","CDKL1"
"RPL6",9.4214976844024e-22,2.29590696636009,0.274,0.089,2.83332699863033e-17,"9","RPL6"
"RPS7",6.9584663006541e-16,2.28948258619047,0.197,0.064,2.09261957059571e-11,"9","RPS7"
"CD164",8.4352594817014e-10,2.28249725587281,0.161,0.063,2.53673558393206e-05,"9","CD164"
"PARK7",1.07188894446128e-15,2.27876832966576,0.206,0.069,3.2234916226784e-11,"9","PARK7"
"RPL30",2.71242679186426e-07,2.27655108057441,0.13,0.055,0.00815708109117338,"9","RPL30"
"CNIH1",1.43551236053325e-12,2.27305663483341,0.157,0.051,4.31701632183164e-08,"9","CNIH1"
"NFYB",1.23381290493148e-08,2.27088085986762,0.108,0.036,0.000371044554900045,"9","NFYB"
"TUBB4B",3.01992146569603e-07,2.26936721086485,0.108,0.04,0.00908180982378767,"9","TUBB4B"
"H1FX",1.08753949977318e-07,2.26838197790156,0.112,0.042,0.00327055753766788,"9","H1FX"
"TGOLN2",6.54753913208682e-10,2.26596434529447,0.148,0.054,1.96904144319247e-05,"9","TGOLN2"
"RPS15",3.5688814500147e-17,2.26494314591824,0.197,0.061,1.07326971846292e-12,"9","RPS15"
"SESTD1",5.66132276834432e-19,2.26250711932536,0.359,0.146,1.70252959612419e-14,"9","SESTD1"
"HERPUD1",2.18402850978631e-12,2.26238522077804,0.202,0.076,6.56802893748036e-08,"9","HERPUD1"
"CMTM6",8.983888484748e-10,2.25746074449668,0.112,0.035,2.70172478401826e-05,"9","CMTM6"
"CCT2",1.00879004170277e-07,2.23762517444461,0.135,0.055,0.00303373429241274,"9","CCT2"
"CNN3",2.81047326879639e-19,2.23037865052228,0.274,0.096,8.45193626125137e-15,"9","CNN3"
"B2M",1.0311540201532e-12,2.22652566637357,0.296,0.145,3.10098948480671e-08,"9","B2M"
"ERAP1",2.248646874042e-07,2.22631986924852,0.103,0.037,0.00676235574430651,"9","ERAP1"
"RPL12",2.87686695402539e-13,2.22478136016031,0.161,0.051,8.65160199084056e-09,"9","RPL12"
"TXNDC15",8.44138857443911e-15,2.21980222109815,0.188,0.061,2.53857878599107e-10,"9","TXNDC15"
"SLC4A7",4.1184163427119e-12,2.21967411641473,0.256,0.115,1.23853134674375e-07,"9","SLC4A7"
"SLIT2",3.93445135855095e-09,2.21787449460625,0.148,0.058,0.000118320755705703,"9","SLIT2"
"TMED10",2.84102506833394e-19,2.21564213938061,0.314,0.117,8.54381468800065e-15,"9","TMED10"
"TIMP3",6.74839967854078e-22,2.21324456604746,0.475,0.219,2.02944623532757e-17,"9","TIMP3"
"SERPINH1",1.64791379110941e-09,2.20965514242509,0.135,0.047,4.95577114400332e-05,"9","SERPINH1"
"MT-ND4L",4.13913081404564e-12,2.20408648223376,0.251,0.111,1.24476080970795e-07,"9","MT-ND4L"
"PRKD3",2.05017403896762e-12,2.20049846002213,0.135,0.04,6.16548838738734e-08,"9","PRKD3"
"RPL35",9.41088422842738e-10,2.19873622710505,0.166,0.065,2.83013521401497e-05,"9","RPL35"
"ZBTB21",6.9997541357188e-10,2.1962525146742,0.117,0.037,2.10503606123471e-05,"9","ZBTB21"
"HMGN2",3.42799674373976e-10,2.1877366636029,0.157,0.059,1.03090146074486e-05,"9","HMGN2"
"SRSF7",1.62619783576165e-14,2.18570437068853,0.193,0.064,4.89046475148601e-10,"9","SRSF7"
"RPL5",7.3431887600621e-17,2.18440550319977,0.291,0.114,2.20831715581348e-12,"9","RPL5"
"CNIH4",2.90724779486207e-08,2.18383779596529,0.103,0.034,0.000874296629348869,"9","CNIH4"
"COL1A1",7.77188040735213e-09,2.18343876026736,0.126,0.045,0.0002337237594903,"9","COL1A1"
"FAM114A1",8.87825092237858e-10,2.16456387296385,0.112,0.035,2.66995639988691e-05,"9","FAM114A1"
"RPS3",7.82812845861428e-11,2.16425352047279,0.202,0.084,2.35415307135907e-06,"9","RPS3"
"SEC61B",4.65613613400663e-08,2.15456345461315,0.121,0.045,0.00140023981957982,"9","SEC61B"
"PTBP3",8.5684821630642e-12,2.15300291214998,0.184,0.068,2.5767996408983e-07,"9","PTBP3"
"RPS13",1.05356382716653e-06,2.14793611988633,0.121,0.051,0.0316838249743789,"9","RPS13"
"KLF3",1.50173083946025e-09,2.14608693840704,0.166,0.065,4.51615515350881e-05,"9","KLF3"
"CHIC2",7.34446119401835e-14,2.14066597374195,0.256,0.104,2.20869981487714e-09,"9","CHIC2"
"RPL28",9.28080805368978e-13,2.13971279777956,0.22,0.088,2.79101740598613e-08,"9","RPL28"
"SEC22B",3.33199497804858e-07,2.13940546691894,0.13,0.053,0.0100203084974855,"9","SEC22B"
"RPS15A",9.33513270188489e-12,2.13701420402739,0.188,0.07,2.80735445743784e-07,"9","RPS15A"
"SCARB2",2.1400747014309e-17,2.13497052768385,0.283,0.108,6.43584664961316e-13,"9","SCARB2"
"RPL13",5.08153095179147e-20,2.13240404984106,0.368,0.152,1.52816880313225e-15,"9","RPL13"
"TRPS1",1.22499249444053e-12,2.12804499332157,0.265,0.119,3.68391992853101e-08,"9","TRPS1"
"RPL17",7.32242878058003e-10,2.12028730394027,0.161,0.063,2.20207400718383e-05,"9","RPL17"
"PNRC1",5.94973625868165e-12,2.11307278110214,0.197,0.076,1.78926418507333e-07,"9","PNRC1"
"ARMCX3",5.96659376292179e-10,2.10882508831773,0.112,0.034,1.79433374232347e-05,"9","ARMCX3"
"JUND",7.10312013826491e-11,2.10346625754026,0.274,0.13,2.13612131918041e-06,"9","JUND"
"LTV1",2.33125734801545e-10,2.09787150270155,0.117,0.036,7.01079022268685e-06,"9","LTV1"
"RPL26",2.77685215131525e-08,2.09544379517994,0.13,0.049,0.000835082747465035,"9","RPL26"
"DPY19L3",1.86390549764638e-07,2.09157314326589,0.108,0.039,0.00560532300307196,"9","DPY19L3"
"AP001528.1",1.43698683113568e-13,2.09092438785012,0.117,0.029,4.32145049727433e-09,"9","AP001528.1"
"RNH1",1.02336474728736e-07,2.08550433284872,0.103,0.036,0.00307756480451729,"9","RNH1"
"SPCS3",4.92491666546974e-11,2.08335514552311,0.202,0.082,1.48107018880671e-06,"9","SPCS3"
"TRAM1",2.10086929359358e-09,2.08325464919739,0.179,0.075,6.31794422662398e-05,"9","TRAM1"
"PTPN12",9.9260829757339e-11,2.08005670684185,0.291,0.145,2.98507093329246e-06,"9","PTPN12"
"BTBD3",1.41543272895193e-14,2.07375557640717,0.269,0.107,4.25663084577714e-10,"9","BTBD3"
"GNAQ",1.22923174388468e-09,2.06216309563708,0.121,0.041,3.69666862338441e-05,"9","GNAQ"
"HSP90AB1",9.02742132272949e-11,2.0612138172265,0.372,0.209,2.71481641438444e-06,"9","HSP90AB1"
"RPS3A",5.09163135885162e-08,2.05997176943677,0.13,0.051,0.00153120629854745,"9","RPS3A"
"SKP1",5.59202379834052e-16,2.05693606600499,0.318,0.134,1.68168931687495e-11,"9","SKP1"
"RECQL",2.1735417736785e-12,2.05463640884554,0.175,0.061,6.53649217598337e-08,"9","RECQL"
"RPS9",2.24012521283585e-11,2.04487631005732,0.193,0.074,6.73672855256126e-07,"9","RPS9"
"PHF11",6.28963790840663e-09,2.04380991703448,0.135,0.049,0.000189148280819513,"9","PHF11"
"SURF4",1.72462342259158e-10,2.03827691704218,0.143,0.049,5.18646001875965e-06,"9","SURF4"
"RHOA",2.31137255986826e-15,2.0349557551931,0.327,0.14,6.95099069929182e-11,"9","RHOA"
"PGAP1",1.5726437301463e-08,2.03283986889618,0.157,0.063,0.000472941148966898,"9","PGAP1"
"ARHGAP22",1.68459673917207e-08,2.03258077741974,0.108,0.036,0.000506608777371217,"9","ARHGAP22"
"LRRK2",7.26317590998658e-08,2.01509381715123,0.139,0.056,0.00218425489141027,"9","LRRK2"
"COL18A1",1.23993069396353e-14,2.0101822897569,0.211,0.074,3.72884357595653e-10,"9","COL18A1"
"TMEM43",6.84504949915366e-16,2.0055762663671,0.175,0.051,2.05851173588048e-11,"9","TMEM43"
"RPS14",1.96884271536503e-14,2.00148706903937,0.184,0.059,5.92090069791725e-10,"9","RPS14"
"SEC24D",2.53114777345561e-13,1.99975515648787,0.287,0.129,7.61192069911307e-09,"9","SEC24D"
"GAS7",3.10613343536631e-31,1.99925535378014,0.601,0.259,9.3410750801771e-27,"9","GAS7"
"SERINC1",8.29700861005815e-14,1.99667278096289,0.229,0.087,2.49515939930279e-09,"9","SERINC1"
"SOD1",1.10782959820953e-09,1.99381588936506,0.135,0.047,3.33157595069551e-05,"9","SOD1"
"MOB1A",1.95028859496656e-08,1.99144895425992,0.143,0.056,0.000586510289164294,"9","MOB1A"
"ATL3",2.00159564100267e-07,1.99009908121415,0.121,0.047,0.00601939857118734,"9","ATL3"
"NME3",6.82948960298337e-07,1.98965995946482,0.126,0.051,0.0205383240830519,"9","NME3"
"SGCE",3.54006303625267e-08,1.98667403441059,0.13,0.049,0.00106460315689226,"9","SGCE"
"RPL41",8.38071216763724e-13,1.98593816465057,0.283,0.127,2.52033157017355e-08,"9","RPL41"
"PSMA5",4.63409116105718e-07,1.98223358161065,0.121,0.048,0.0139361023486472,"9","PSMA5"
"SELENOK",2.59857387965416e-07,1.98096707033691,0.103,0.037,0.00781469122828395,"9","SELENOK"
"TMEM263",2.14307918627045e-12,1.98026299721245,0.179,0.062,6.44488203687114e-08,"9","TMEM263"
"ACTB",3.51191871567787e-24,1.97444576994391,0.753,0.425,1.0561393153658e-19,"9","ACTB"
"NCL",1.00984068435314e-13,1.97389805451809,0.341,0.161,3.0368938900552e-09,"9","NCL"
"ENY2",6.15099869492164e-08,1.94438531041098,0.13,0.049,0.00184978983752379,"9","ENY2"
"RPL32",2.28913198665943e-08,1.94375433448355,0.166,0.071,0.00068841066234809,"9","RPL32"
"RPLP2",2.93351343499851e-09,1.94247209616142,0.175,0.073,8.82195495307103e-05,"9","RPLP2"
"NOTCH2",8.8250442479216e-11,1.94087626480721,0.22,0.094,2.65395555667746e-06,"9","NOTCH2"
"MESD",2.5923563378661e-11,1.94030345066012,0.188,0.071,7.79599321486473e-07,"9","MESD"
"TNS2",1.77819861777244e-16,1.93992167834616,0.283,0.108,5.34757670322707e-12,"9","TNS2"
"UBA52",1.80360978075319e-10,1.93803179031029,0.117,0.036,5.42399569365906e-06,"9","UBA52"
"IMPAD1",4.65401165740795e-09,1.9353517868219,0.143,0.053,0.000139960092573229,"9","IMPAD1"
"THAP12",2.4236694282215e-15,1.92189451675234,0.143,0.037,7.28870107149052e-11,"9","THAP12"
"TOMM20",9.51030269099308e-13,1.9167569795404,0.17,0.056,2.86003332826235e-08,"9","TOMM20"
"ITGA11",1.29800864570579e-06,1.9143202076871,0.103,0.039,0.0390350140023102,"9","ITGA11"
"CD55",7.11794975963818e-08,1.91365707660924,0.215,0.107,0.00214058103121599,"9","CD55"
"MMADHC",2.81786290913115e-08,1.90973828688502,0.117,0.041,0.000847415912663012,"9","MMADHC"
"RPS6",6.09671882931314e-08,1.90220071197695,0.157,0.067,0.00183346625353934,"9","RPS6"
"PEA15",2.49707254172871e-08,1.90177303506021,0.121,0.043,0.000750944625474074,"9","PEA15"
"PPID",8.91749906526182e-07,1.90093546816148,0.103,0.038,0.0268175949389619,"9","PPID"
"RPS27A",6.7495624403943e-08,1.8940149046563,0.143,0.06,0.00202979591269978,"9","RPS27A"
"LOXL1",2.43984942775107e-09,1.89325105430446,0.13,0.045,7.33735918407578e-05,"9","LOXL1"
"ALDH1A2",3.45569541423153e-07,1.89200281531574,0.148,0.065,0.0103923128192185,"9","ALDH1A2"
"RFTN1",2.39022829713671e-11,1.88660522554616,0.175,0.064,7.18813355797922e-07,"9","RFTN1"
"EIF2B4",1.53756642107276e-06,1.87845464955163,0.108,0.042,0.0462392349809212,"9","EIF2B4"
"CALU",6.60403661168888e-18,1.87800751259594,0.35,0.145,1.9860319302332e-13,"9","CALU"
"EVC",3.91829346711432e-08,1.87679269241139,0.112,0.039,0.00117834839436529,"9","EVC"
"TMEM30A",3.32585525147228e-14,1.87406421345137,0.247,0.093,1.00018444977526e-09,"9","TMEM30A"
"ZNF841",9.27145764646925e-09,1.87336766141021,0.103,0.033,0.00027882054580227,"9","ZNF841"
"PLRG1",5.53148385521678e-08,1.86048869789297,0.103,0.035,0.00166348313977934,"9","PLRG1"
"MCFD2",2.40161320335988e-07,1.85782508746971,0.112,0.041,0.00722237138646416,"9","MCFD2"
"SSU72",3.50058810056442e-07,1.85684350505693,0.148,0.064,0.0105273185948274,"9","SSU72"
"RPS28",8.03209089462534e-14,1.85616436032359,0.283,0.124,2.41549069474068e-09,"9","RPS28"
"AC007319.1",1.47529555993722e-06,1.85539311374922,0.202,0.102,0.044366563373992,"9","AC007319.1"
"HSPD1",5.66459625297925e-15,1.85110443169995,0.265,0.102,1.70351403115845e-10,"9","HSPD1"
"BLOC1S2",2.88606572196921e-08,1.84573895006953,0.103,0.034,0.000867926544567801,"9","BLOC1S2"
"TUBB6",4.81882498195484e-08,1.84126756874497,0.179,0.08,0.00144916523682328,"9","TUBB6"
"ANKRD36B1",2.42258266483714e-08,1.83865455675232,0.148,0.058,0.000728543284796472,"9","ANKRD36B"
"RPGRIP1L",3.582029948937e-09,1.83853255153783,0.121,0.041,0.000107722386654382,"9","RPGRIP1L"
"MCL1",2.85792929101146e-10,1.83539620178341,0.256,0.122,8.59465075685877e-06,"9","MCL1"
"TBRG1",4.34788689971336e-08,1.82943737027667,0.161,0.067,0.0013075400273508,"9","TBRG1"
"PCDHGC3",8.31664622618315e-11,1.82644546658495,0.121,0.036,2.50106501960006e-06,"9","PCDHGC3"
"DYNC2H1",1.54714563284794e-07,1.82599073589808,0.17,0.078,0.00465273106166362,"9","DYNC2H1"
"PTRH2",7.69512927651255e-12,1.82345320786744,0.135,0.04,2.31415622732562e-07,"9","PTRH2"
"CCNL1",1.49159850633709e-11,1.82116611759057,0.283,0.131,4.48568418810752e-07,"9","CCNL1"
"MTRNR2L8",1.78788388449568e-11,1.82074224605794,0.161,0.056,5.37670320584386e-07,"9","MTRNR2L8"
"TMED7",2.84878613358003e-08,1.82029831539832,0.13,0.048,0.000856715453951522,"9","TMED7"
"PRMT1",1.09920020311628e-06,1.81693723628237,0.117,0.047,0.0330562477083158,"9","PRMT1"
"SLC20A11",4.05285801179573e-08,1.81466741307227,0.184,0.083,0.00121881598988733,"9","SLC20A1"
"DHX9",6.68961875098354e-15,1.81198418450087,0.296,0.125,2.01176904698328e-10,"9","DHX9"
"RPL9",9.114560973968e-09,1.80694020372592,0.152,0.06,0.00027410219217014,"9","RPL9"
"OSTM1",1.50963378927796e-12,1.80635338609975,0.161,0.052,4.53992169449562e-08,"9","OSTM1"
"AUP1",1.85789067061415e-08,1.8056183766428,0.143,0.056,0.000558723461373793,"9","AUP1"
"ARNTL",1.6286774982015e-06,1.80559779886886,0.139,0.061,0.0489792184034138,"9","ARNTL"
"ARPC2",3.24676806475348e-07,1.80498711806361,0.202,0.102,0.00976400560113315,"9","ARPC2"
"GHITM",2.32864658798288e-11,1.80328695490276,0.175,0.063,7.00293888404091e-07,"9","GHITM"
"PMP22",7.52825677874609e-21,1.79796479052488,0.475,0.214,2.26397266107231e-16,"9","PMP22"
"MTRNR2L12",5.67538914219002e-21,1.79358161589828,0.556,0.284,1.7067597767308e-16,"9","MTRNR2L12"
"CYTOR",1.59570755919009e-09,1.79272092222518,0.175,0.069,4.79877134275235e-05,"9","CYTOR"
"DEK",3.06129316616646e-08,1.79181024832204,0.197,0.091,0.00092062269386124,"9","DEK"
"RPL36",6.73668639272736e-10,1.77262469532029,0.152,0.056,2.0259236988849e-05,"9","RPL36"
"HNRNPK",2.12843946562883e-10,1.77162584487824,0.26,0.12,6.40085600498557e-06,"9","HNRNPK"
"RPL22",5.34879474248518e-07,1.77058897971421,0.161,0.074,0.0160854304290757,"9","RPL22"
"PCYOX11",1.85700373117034e-08,1.76470721003329,0.148,0.057,0.000558456732074855,"9","PCYOX1"
"GLCE",2.69956040050172e-07,1.76042645902803,0.148,0.062,0.00811838799242882,"9","GLCE"
"P3H1",1.00368667848057e-06,1.75602715397328,0.108,0.04,0.0301838694819462,"9","P3H1"
"PEBP1",3.85253049453115e-11,1.75335720582213,0.193,0.073,1.15857149562035e-06,"9","PEBP1"
"PGM3",5.50890312441776e-08,1.75241091945491,0.139,0.054,0.00165669243660615,"9","PGM3"
"CRIPT",2.29134609957296e-07,1.75026841513809,0.103,0.036,0.00689076512524576,"9","CRIPT"
"SOD2",4.58177670132621e-13,1.74445748540582,0.422,0.214,1.37787770738983e-08,"9","SOD2"
"LITAF",2.71236410825097e-17,1.74160280531037,0.381,0.168,8.15689258274313e-13,"9","LITAF"
"HSPB11",2.01788994141249e-11,1.73378690947055,0.108,0.029,6.06840042080978e-07,"9","HSPB11"
"GAPDH",8.35952663746429e-13,1.73353786717688,0.413,0.213,2.51396044568464e-08,"9","GAPDH"
"C5orf24",2.86996670074658e-07,1.73223647106342,0.13,0.051,0.00863085085915518,"9","C5orf24"
"TLL2",4.25376061555411e-08,1.73209955651165,0.197,0.09,0.00127923342991559,"9","TLL2"
"SELENOF",1.28753676275082e-08,1.72416044600724,0.233,0.113,0.000387200930662055,"9","SELENOF"
"ARL13B",2.67579540425406e-08,1.72251409839706,0.17,0.072,0.000804691951921324,"9","ARL13B"
"PSAP",3.53011499866865e-11,1.72142905952222,0.354,0.181,1.06161148354962e-06,"9","PSAP"
"CREBZF",7.29836998450607e-10,1.71908723609041,0.215,0.091,2.19483880544051e-05,"9","CREBZF"
"CCP110",4.77215345437742e-14,1.71429490903163,0.143,0.04,1.43512970833492e-09,"9","CCP110"
"TM9SF2",7.61546418050785e-11,1.71188219807105,0.283,0.132,2.29019854300413e-06,"9","TM9SF2"
"AHNAK",1.17411848149713e-16,1.71106210175077,0.511,0.269,3.53092650940633e-12,"9","AHNAK"
"LIMA1",2.20230894602787e-12,1.71045645537254,0.229,0.09,6.6230036933896e-08,"9","LIMA1"
"SEPTIN7",9.15022425868929e-19,1.70495675851118,0.498,0.245,2.75174694131563e-14,"9","SEPTIN7"
"SAR1A",3.45485611315795e-14,1.69277451462153,0.242,0.089,1.03897887890999e-09,"9","SAR1A"
"HDAC2",5.50420032638752e-12,1.6861399615292,0.215,0.083,1.65527816415452e-07,"9","HDAC2"
"ST13",3.33347386599188e-10,1.67900886784023,0.22,0.094,1.00247559571974e-05,"9","ST13"
"TPT1",1.24792547870728e-09,1.67781289039,0.291,0.152,3.75288629211639e-05,"9","TPT1"
"CCT6A",1.92418172626894e-07,1.67362005667266,0.157,0.066,0.00578659170540858,"9","CCT6A"
"RPL37",1.15875398641109e-08,1.67360529842069,0.211,0.096,0.000348472086333406,"9","RPL37"
"NOC3L",6.09104715341922e-08,1.66628894216216,0.143,0.057,0.00183176061044776,"9","NOC3L"
"RELL1",5.33783900197107e-13,1.66403357995867,0.202,0.072,1.60524832306276e-08,"9","RELL1"
"RAB11A1",7.78094186633744e-09,1.66260161605593,0.148,0.055,0.000233996264746366,"9","RAB11A"
"DDX3X",6.44250830668997e-11,1.6616727898579,0.251,0.111,1.93745552307087e-06,"9","DDX3X"
"ARCN1",2.27661637570926e-09,1.66108099974775,0.161,0.063,6.84646842667047e-05,"9","ARCN1"
"SF3B2",5.69266947432332e-11,1.65189120069542,0.166,0.058,1.71195649101325e-06,"9","SF3B2"
"HTATSF1",2.14210767524732e-08,1.65031889625474,0.108,0.035,0.000644196041177128,"9","HTATSF1"
"NPM1",1.88003475931397e-11,1.64175598189024,0.3,0.139,5.6538285316849e-07,"9","NPM1"
"MAP4K5",6.21452007015245e-09,1.63936729718817,0.287,0.147,0.000186889262069695,"9","MAP4K5"
"CAB39L",1.07043737600482e-14,1.6305112565134,0.323,0.133,3.21912632085929e-10,"9","CAB39L"
"SNRNP200",9.34646141626133e-08,1.61732247707512,0.152,0.062,0.00281076134171227,"9","SNRNP200"
"VPS26A",8.57315253508439e-13,1.61659616104275,0.22,0.083,2.57820416187593e-08,"9","VPS26A"
"CBX5",1.49162034395169e-19,1.6164805431354,0.305,0.107,4.4857498603659e-15,"9","CBX5"
"ETNK1",3.31980522234529e-13,1.61587156773045,0.309,0.134,9.98365024515898e-09,"9","ETNK1"
"GALNT10",7.63809624594442e-07,1.61532897867269,0.202,0.099,0.0229700468404287,"9","GALNT10"
"ZNF708",8.20435111529212e-10,1.61423193577873,0.247,0.113,2.4672945109018e-05,"9","ZNF708"
"CBX3",3.90776288506083e-07,1.61268656927054,0.139,0.057,0.0117518153242434,"9","CBX3"
"HNRNPA1",6.08301991630424e-12,1.61107696029262,0.305,0.141,1.82934657943017e-07,"9","HNRNPA1"
"PABPC1",1.30599841503926e-07,1.60825347060381,0.229,0.117,0.00392752903354756,"9","PABPC1"
"CANX",2.49568069119564e-16,1.60139386897937,0.377,0.164,7.50526054263263e-12,"9","CANX"
"NAB1",3.29823546440052e-08,1.59719438743205,0.157,0.064,0.00099187835120917,"9","NAB1"
"ATP5F1E",1.57201287865744e-06,1.5956889198502,0.139,0.061,0.047275143299865,"9","ATP5F1E"
"ACP1",7.26451596113981e-08,1.59258705556615,0.126,0.047,0.00218465788499357,"9","ACP1"
"KLF9",4.06107503556222e-13,1.59173438462627,0.3,0.129,1.22128709544463e-08,"9","KLF9"
"APP",1.36779147110575e-16,1.59105020088528,0.538,0.286,4.11335929105632e-12,"9","APP"
"BRK1",7.44206802038543e-07,1.58907966776861,0.103,0.038,0.0223805311577051,"9","BRK1"
"MPZL1",1.62081625170261e-10,1.58790355535975,0.274,0.126,4.87428071374525e-06,"9","MPZL1"
"DNAJC8",2.33075268464589e-10,1.58142153896076,0.179,0.069,7.00927254853559e-06,"9","DNAJC8"
"SETD7",1.24316376996117e-11,1.58022847494547,0.247,0.103,3.73856640540424e-07,"9","SETD7"
"PPIC",1.48511939021075e-06,1.57780514344034,0.126,0.052,0.0446619954218079,"9","PPIC"
"ARL8A",5.61027369499167e-08,1.56984117966454,0.117,0.041,0.00168717760829485,"9","ARL8A"
"ACTR3",1.49219658482004e-11,1.56800215921617,0.287,0.132,4.48748278952932e-07,"9","ACTR3"
"METTL8",1.62211947435464e-13,1.55877013175239,0.202,0.069,4.87819989522671e-09,"9","METTL8"
"SPCS2",1.16132542502949e-10,1.5528229913658,0.314,0.159,3.4924539506912e-06,"9","SPCS2"
"NFE2L2",1.10994273156979e-14,1.55213880281157,0.507,0.267,3.33793077664982e-10,"9","NFE2L2"
"SERF2",5.54473393441073e-10,1.55204062950142,0.251,0.118,1.66746783609534e-05,"9","SERF2"
"FGFR1OP2",6.5989224998993e-08,1.55182137218513,0.242,0.122,0.00198449396339472,"9","FGFR1OP2"
"GFPT1",1.22667956822573e-06,1.54617685143714,0.215,0.115,0.0368899346552523,"9","GFPT1"
"NOP58",7.99594755513604e-14,1.54535397433687,0.368,0.176,2.40462130825606e-09,"9","NOP58"
"REEP5",5.36995990009855e-10,1.54345806899613,0.278,0.131,1.61490804075664e-05,"9","REEP5"
"GLUL",8.16915141770174e-19,1.53601560330669,0.345,0.131,2.45670890584544e-14,"9","GLUL"
"CTBS",5.04322713128964e-07,1.53260080563468,0.121,0.047,0.0151664969519273,"9","CTBS"
"RPLP1",1.45613484876885e-11,1.52663337153739,0.336,0.169,4.37903433070256e-07,"9","RPLP1"
"PRPF38A",5.20894643923644e-07,1.52528458069098,0.117,0.045,0.0156648646267157,"9","PRPF38A"
"CREB3L2",1.72004490114969e-15,1.52196559949502,0.368,0.165,5.17269103122745e-11,"9","CREB3L2"
"NEDD8",6.51965312944812e-07,1.52004160170069,0.139,0.058,0.0196065528561893,"9","NEDD8"
"EEF2",7.25570937772941e-09,1.51371018087968,0.215,0.097,0.000218200948116456,"9","EEF2"
"RAB22A",9.60994535106573e-10,1.5136400171959,0.215,0.093,2.889998865426e-05,"9","RAB22A"
"COQ10B",9.66209949308538e-13,1.50795809019593,0.211,0.077,2.90568318055557e-08,"9","COQ10B"
"GET1",3.41894975171309e-07,1.50787964199092,0.112,0.041,0.0102818075883268,"9","GET1"
"TPM3",7.31436936145444e-07,1.50770152311244,0.197,0.098,0.0219965029807019,"9","TPM3"
"TMEM39A",6.42774660685172e-12,1.50004299557838,0.193,0.068,1.93301623707852e-07,"9","TMEM39A"
"TTC7A",2.0765147293079e-07,1.49889814921232,0.175,0.079,0.00624470274544766,"9","TTC7A"
"EIF2AK2",3.07252672071864e-08,1.49527432583508,0.215,0.099,0.000924000960721715,"9","EIF2AK2"
"DDX3Y",7.81000461254634e-07,1.49254210297008,0.135,0.055,0.0234870268713106,"9","DDX3Y"
"COPB1",1.5490704179918e-10,1.48103429649102,0.269,0.12,4.65851946802675e-06,"9","COPB1"
"LMAN1",1.13826738261161e-08,1.48029174479398,0.274,0.135,0.000342311149972789,"9","LMAN1"
"RPL24",1.61427819120376e-06,1.47600871830591,0.152,0.07,0.0485461880440708,"9","RPL24"
"COL4A1",1.7094087287609e-15,1.47094993937282,0.596,0.334,5.14070487000265e-11,"9","COL4A1"
"C15orf40",1.47875574823489e-15,1.46846050926919,0.17,0.048,4.44706216166678e-11,"9","C15orf40"
"OS9",3.16368564275749e-08,1.46781580696056,0.148,0.058,0.00095141518334646,"9","OS9"
"EIF4A21",1.40604520289694e-06,1.46293068678481,0.242,0.128,0.0422839973867198,"9","EIF4A2"
"EXT1",3.4262814795651e-16,1.46245740690791,0.673,0.406,1.03038562934961e-11,"9","EXT1"
"WDR43",7.46783626089136e-11,1.45973207508447,0.256,0.112,2.24580239873786e-06,"9","WDR43"
"HNRNPA2B1",4.77673725884863e-16,1.45145516390538,0.758,0.48,1.43650819585355e-11,"9","HNRNPA2B1"
"CALM1",9.0160406796424e-08,1.44799942932971,0.332,0.194,0.00271139391358886,"9","CALM1"
"SNX5",1.40527195858549e-06,1.44712221732682,0.152,0.068,0.0422607436105415,"9","SNX5"
"TEX10",1.0988860066533e-06,1.44645441565559,0.112,0.043,0.0330467988780846,"9","TEX10"
"MAP1LC3B",2.76789275461827e-07,1.44587412790244,0.117,0.044,0.00832388388096354,"9","MAP1LC3B"
"CNBP",1.37106901099721e-08,1.4427651938524,0.309,0.166,0.00041232158367719,"9","CNBP"
"HAT1",1.10071918096915e-08,1.43777468494529,0.184,0.077,0.000331019279292853,"9","HAT1"
"TGFBR1",6.6933577308464e-08,1.4362044540832,0.202,0.093,0.00201289347039744,"9","TGFBR1"
"RNF8",1.32698524753819e-07,1.43564063132372,0.13,0.05,0.00399064273492161,"9","RNF8"
"CAND1",9.48579116198905e-09,1.43442638741341,0.278,0.141,0.000285266197614497,"9","CAND1"
"CLINT1",2.11636604298434e-15,1.42880952148132,0.354,0.151,6.3645476010668e-11,"9","CLINT1"
"GDI2",2.91374212058576e-16,1.42546275011262,0.309,0.118,8.76249667923755e-12,"9","GDI2"
"GINM1",1.00099043300461e-07,1.42231389457345,0.197,0.09,0.00301027852917476,"9","GINM1"
"FAM91A11",1.04692262260321e-09,1.4169878370387,0.197,0.079,3.14841040295464e-05,"9","FAM91A1"
"SSR3",6.72629075538991e-10,1.41339866074777,0.3,0.147,2.02279741886841e-05,"9","SSR3"
"EIF3E",2.71793959557676e-11,1.40602342875447,0.269,0.119,8.173659745778e-07,"9","EIF3E"
"NUCB2",1.37535529848669e-08,1.40291724502755,0.206,0.09,0.000413610598913903,"9","NUCB2"
"ANKRD44",1.44058241867505e-07,1.40009177639727,0.179,0.08,0.00433226350768148,"9","ANKRD44"
"TULP3",6.58794852801734e-07,1.39591688274075,0.13,0.053,0.0198119376083066,"9","TULP3"
"TRIB2",3.81203127762806e-07,1.39453220149108,0.139,0.057,0.0114639216612109,"9","TRIB2"
"YBX1",5.22387243925497e-08,1.39081528230003,0.3,0.161,0.00157097515865715,"9","YBX1"
"HSP90AA1",2.46034653548759e-10,1.38983856050221,0.395,0.219,7.39900013617183e-06,"9","HSP90AA1"
"NDUFA11",6.35934813494142e-12,1.38830644368098,0.224,0.085,1.91244676462093e-07,"9","NDUFA11"
"RPN1",3.99539585243536e-10,1.3875998015971,0.265,0.122,1.20153539470289e-05,"9","RPN1"
"PTGES3",2.08328207333115e-16,1.38562937425289,0.439,0.207,6.26505417912878e-12,"9","PTGES3"
"CD46",1.26604684992129e-07,1.38486470063731,0.274,0.146,0.0038073826917683,"9","CD46"
"STIM2",1.21336326047157e-06,1.37620715354072,0.13,0.054,0.0364894733321616,"9","STIM2"
"CCDC102B",7.74707591443687e-09,1.37417466301625,0.175,0.071,0.00023297781397486,"9","CCDC102B"
"DUSP10",9.40173085881286e-07,1.37295479062239,0.108,0.04,0.0282738252117079,"9","DUSP10"
"ATP5MC2",9.93716507630622e-09,1.37281722282161,0.224,0.102,0.000298840365339757,"9","ATP5MC2"
"UBE2Z",1.10508923317033e-10,1.37238047644203,0.197,0.075,3.32333485091314e-06,"9","UBE2Z"
"SEL1L",1.12959961989748e-06,1.37224375177456,0.215,0.11,0.033970449369177,"9","SEL1L"
"RPS24",1.4359886735359e-08,1.37169540088857,0.327,0.176,0.00043184487379245,"9","RPS24"
"ENO1",1.12803113723554e-07,1.36924780475915,0.247,0.123,0.00339232803900844,"9","ENO1"
"MYL6",6.00233683606292e-10,1.35668508857554,0.363,0.19,1.8050827567092e-05,"9","MYL6"
"SMU1",1.45450685221098e-07,1.3526657298996,0.197,0.09,0.00437413845665408,"9","SMU1"
"SARAF",1.02843866038083e-12,1.35210278647258,0.238,0.092,3.09282358336327e-08,"9","SARAF"
"SYNC",5.45831000997324e-09,1.35074117599216,0.103,0.031,0.000164147756929925,"9","SYNC"
"PXK",2.9770320711318e-07,1.34794913794647,0.224,0.112,0.00895282854751467,"9","PXK"
"XRCC5",5.14028598100545e-13,1.34754454728007,0.471,0.248,1.54583820306777e-08,"9","XRCC5"
"CCZ1",6.671813075391e-08,1.34417034877187,0.108,0.036,0.00200641434616234,"9","CCZ1"
"TOP3A",3.9075808746015e-08,1.34378211454929,0.135,0.05,0.00117512679641891,"9","TOP3A"
"SEC62",1.48924340152515e-06,1.33748636873267,0.309,0.185,0.0447860168140659,"9","SEC62"
"RPL39",1.49566645412455e-06,1.33423974616797,0.135,0.057,0.0449791772748877,"9","RPL39"
"KLF131",5.65600148635297e-10,1.33266471389269,0.22,0.093,1.70092932699093e-05,"9","KLF13"
"CDC42",1.17776511878642e-12,1.33201241585411,0.287,0.12,3.5418930417264e-08,"9","CDC42"
"PURB",9.30921082378081e-11,1.33081110004349,0.179,0.065,2.7995589710356e-06,"9","PURB"
"AC104806.2",1.20982070593913e-10,1.32905274861325,0.117,0.034,3.63829380897075e-06,"9","AC104806.2"
"UCHL5",2.16201929594739e-09,1.32880949253087,0.247,0.111,6.5018406287026e-05,"9","UCHL5"
"EPAS1",6.7613929541396e-12,1.32875202890047,0.287,0.124,2.0333537030984e-07,"9","EPAS1"
"DHX15",6.72714378280457e-08,1.32716161344086,0.336,0.191,0.00202305394980282,"9","DHX15"
"CHMP7",2.59912254085634e-09,1.32347150997253,0.117,0.037,7.81634121711728e-05,"9","CHMP7"
"DUSP1",5.56803743159306e-13,1.31857027609247,0.323,0.136,1.67447589680298e-08,"9","DUSP1"
"SS18",2.80097697572363e-07,1.31848317162087,0.247,0.128,0.00842337805909368,"9","SS18"
"PLEKHA6",2.94807940204922e-08,1.31091274088666,0.291,0.15,0.000886575918578263,"9","PLEKHA6"
"TMF1",1.14286911493954e-06,1.30862880939281,0.197,0.095,0.0343695028935768,"9","TMF1"
"KIF2A",5.80824613604326e-09,1.30812190268663,0.202,0.087,0.000174671386049229,"9","KIF2A"
"WASHC4",1.93531733885961e-10,1.29787099052475,0.336,0.165,5.82007983315251e-06,"9","WASHC4"
"BIRC2",1.52193356040411e-06,1.29197232073764,0.197,0.097,0.0457691079620328,"9","BIRC2"
"EIF5",6.18876975519745e-10,1.29138462975709,0.256,0.116,1.86114872848053e-05,"9","EIF5"
"YBX3",2.26614904694687e-10,1.29087683673761,0.489,0.298,6.81499002888331e-06,"9","YBX3"
"PNRC2",4.98527016205944e-07,1.28945118525026,0.193,0.09,0.0149922029583614,"9","PNRC2"
"DNAJC10",2.06572059075994e-08,1.28488896333288,0.26,0.125,0.000621224153259237,"9","DNAJC10"
"UFM11",8.83043845777657e-07,1.28199190360627,0.197,0.096,0.0265557775740715,"9","UFM1"
"ANKRD10",3.61193235671739e-10,1.27801693045839,0.39,0.208,1.08621641763562e-05,"9","ANKRD10"
"CFAP97",4.58352215820696e-08,1.27050555359197,0.143,0.056,0.00137840261863758,"9","CFAP97"
"CRY1",5.24503024197597e-11,1.27041357997729,0.211,0.083,1.57733794466943e-06,"9","CRY1"
"TCTN3",1.28085008085837e-07,1.27002511901945,0.152,0.062,0.00385190044816538,"9","TCTN3"
"ITGB1BP1",6.19609536698306e-07,1.26957224575005,0.152,0.066,0.0186335175971282,"9","ITGB1BP1"
"BNIP3L1",1.76220983882042e-16,1.26622550218192,0.471,0.223,5.29949364828464e-12,"9","BNIP3L"
"IQGAP1",7.12225353297599e-10,1.26594103628402,0.39,0.218,2.14187530497187e-05,"9","IQGAP1"
"BLZF1",9.6977882755336e-09,1.26582574151357,0.211,0.091,0.000291641586810122,"9","BLZF1"
"ETF1",2.19028990498174e-07,1.2653709562034,0.224,0.113,0.00658685883125158,"9","ETF1"
"RBM3",5.70872514800397e-12,1.26274788606772,0.224,0.084,1.71678491375924e-07,"9","RBM3"
"STAM2",1.19728600668534e-08,1.26182533340525,0.251,0.119,0.000360059820790484,"9","STAM2"
"SUPT16H",1.85522415917454e-07,1.25604060182644,0.206,0.098,0.00557921561388559,"9","SUPT16H"
"TMCO1",2.25242533467823e-07,1.24960456030759,0.175,0.077,0.00677371870897785,"9","TMCO1"
"UGGT2",1.91076182884064e-11,1.24872787831721,0.457,0.254,5.74623404787246e-07,"9","UGGT2"
"NAMPT",1.34941325229099e-10,1.24840440229826,0.439,0.223,4.05809047361471e-06,"9","NAMPT"
"ARHGEF2",1.95380242349825e-08,1.24831234233681,0.211,0.092,0.00058756700281863,"9","ARHGEF2"
"G3BP1",8.52805169409106e-07,1.24477580063188,0.283,0.159,0.02564640985964,"9","G3BP1"
"DNAJC3",4.25477359848434e-11,1.24228433088574,0.462,0.246,1.2795380642722e-06,"9","DNAJC3"
"TMEM68",2.55078366441419e-12,1.24213391456345,0.143,0.042,7.67097171399278e-08,"9","TMEM68"
"EFHC1",3.2350657777531e-07,1.23953659040559,0.161,0.069,0.00972881331343689,"9","EFHC1"
"RBM17",5.10264232494116e-08,1.23192925014494,0.274,0.14,0.00153451762637956,"9","RBM17"
"SLC30A71",1.12713688974552e-06,1.23101980142127,0.233,0.123,0.0338963876853172,"9","SLC30A7"
"EIF4G2",2.17514809182258e-11,1.22083148409644,0.439,0.227,6.54132285653804e-07,"9","EIF4G2"
"HNRNPDL",3.16906434417004e-11,1.22041689198242,0.713,0.463,9.53032720222255e-07,"9","HNRNPDL"
"FOPNL",1.83443474892611e-07,1.21276290197209,0.143,0.057,0.00551669562044549,"9","FOPNL"
"PHLDB1",4.58447060514227e-08,1.21071056681348,0.341,0.189,0.00137868784508443,"9","PHLDB1"
"C11orf58",1.14839819818851e-07,1.2052385138797,0.309,0.172,0.0034535779014123,"9","C11orf58"
"ISCA1",5.33234257735436e-07,1.2035143861536,0.179,0.081,0.0160359538328778,"9","ISCA1"
"DICER1",1.76822024288469e-08,1.20281553102911,0.377,0.214,0.000531756873642714,"9","DICER1"
"SPART",4.63599615286549e-07,1.20088153466222,0.224,0.112,0.0139418312305124,"9","SPART"
"CLTB",6.67065082218626e-10,1.19729370237727,0.229,0.097,2.00606482175607e-05,"9","CLTB"
"WDR5",2.12313679282128e-07,1.1944219591772,0.152,0.063,0.00638490927705144,"9","WDR5"
"PIGK",2.34371346609779e-08,1.19398087103448,0.206,0.092,0.000704824950659588,"9","PIGK"
"XRN2",6.81333798502365e-09,1.19318798443598,0.345,0.181,0.000204897513223616,"9","XRN2"
"POLR2A",9.7875330385652e-12,1.18823698309442,0.202,0.074,2.94340481068771e-07,"9","POLR2A"
"ZKSCAN8",2.21630486210105e-07,1.18317279785324,0.166,0.071,0.0066650936117965,"9","ZKSCAN8"
"SOCS4",1.08629346904934e-07,1.18221555638809,0.135,0.051,0.00326681034947208,"9","SOCS4"
"TTC12",3.46212446509431e-08,1.17321867143339,0.17,0.071,0.00104116469038781,"9","TTC12"
"LEMD3",7.1315463890541e-07,1.17299443864617,0.256,0.136,0.0214466994558024,"9","LEMD3"
"TM9SF3",1.39225392862446e-10,1.17147668762695,0.48,0.272,4.18692523955235e-06,"9","TM9SF3"
"RAB5A",7.75887387995967e-10,1.17045526208127,0.296,0.139,2.33332614192027e-05,"9","RAB5A"
"EMP2",9.73030784991697e-07,1.16935399553469,0.278,0.152,0.0292619547970553,"9","EMP2"
"DDHD1",3.34665937155578e-10,1.1686661511686,0.215,0.088,1.00644087280797e-05,"9","DDHD1"
"RFX3",7.97613935505815e-09,1.15833236712088,0.251,0.12,0.000239866438824664,"9","RFX3"
"HNRNPUL2",9.95322573222098e-12,1.15818901590962,0.233,0.091,2.99323357445081e-07,"9","HNRNPUL2"
"SDAD1",4.1124999915757e-08,1.15585499176579,0.193,0.084,0.00123675212246656,"9","SDAD1"
"SASH1",1.21580908651057e-08,1.15059819765395,0.336,0.186,0.000365630266586323,"9","SASH1"
"COA8",4.13830664483756e-10,1.14957543998603,0.117,0.035,1.244512957302e-05,"9","COA8"
"GRK5",8.25513347605322e-09,1.14777960223503,0.507,0.325,0.000248256629025348,"9","GRK5"
"DUT1",1.7686725216037e-07,1.14187965971664,0.202,0.095,0.0053189288742188,"9","DUT"
"LGR4",7.46826095667383e-09,1.13753168877155,0.309,0.158,0.000224593011750052,"9","LGR4"
"MAPK1IP1L",3.07889193199505e-08,1.13644003676035,0.309,0.158,0.000925915170708871,"9","MAPK1IP1L"
"SLC25A321",1.87997513755862e-07,1.1315844677181,0.206,0.097,0.00565364923118002,"9","SLC25A32"
"GLS",3.58343581766427e-08,1.13109221479648,0.435,0.265,0.00107764665344617,"9","GLS"
"IER3IP1",1.4185192997824e-07,1.12630452919163,0.135,0.051,0.00426591309023561,"9","IER3IP1"
"GRAMD2B",7.58232636928789e-10,1.12360338959825,0.336,0.168,2.28023300903595e-05,"9","GRAMD2B"
"TMOD3",3.34768963049345e-10,1.12352629109077,0.327,0.161,1.0067507025783e-05,"9","TMOD3"
"FBXL5",2.18780871883762e-09,1.11708828671786,0.395,0.209,6.57939716016038e-05,"9","FBXL5"
"PJA2",7.53898865041259e-13,1.11054622745967,0.43,0.208,2.26720005683858e-08,"9","PJA2"
"C1orf52",3.2314610638547e-07,1.10972045373715,0.148,0.061,0.00971797285733024,"9","C1orf52"
"NME6",1.94270604884241e-08,1.1094717878764,0.103,0.032,0.000584229990068378,"9","NME6"
"HNRNPM",9.82253848748292e-11,1.1043515703932,0.457,0.244,2.95393199934074e-06,"9","HNRNPM"
"ACBD3",1.94730593831733e-14,1.10168992984571,0.386,0.172,5.85613314830172e-10,"9","ACBD3"
"SMAD5",6.25675382459892e-11,1.09867396013156,0.354,0.171,1.88159357767163e-06,"9","SMAD5"
"EXOSC3",9.27457802101486e-07,1.08127740383177,0.152,0.065,0.027891438482598,"9","EXOSC3"
"GOLIM4",2.4371534634456e-11,1.08059429120027,0.543,0.31,7.32925161061996e-07,"9","GOLIM4"
"ARHGAP29",3.01325813634496e-09,1.07726743680699,0.323,0.164,9.0617711934302e-05,"9","ARHGAP29"
"MTF1",9.14358037518358e-07,1.07280641569454,0.121,0.047,0.0274974892622896,"9","MTF1"
"RO60",1.12329526874399e-12,1.07273767596862,0.287,0.115,3.3780858616938e-08,"9","RO60"
"FRMD4A",6.56549309183969e-08,1.07167738037415,0.457,0.277,0.00197444073750895,"9","FRMD4A"
"FAHD2A",1.02216650586802e-06,1.06987640162661,0.13,0.053,0.030739613330969,"9","FAHD2A"
"MYO1D",3.37803441246845e-08,1.06916120847469,0.256,0.124,0.00101587628886164,"9","MYO1D"
"NUP58",2.20365206111525e-12,1.06646206099914,0.265,0.105,6.6270428433919e-08,"9","NUP58"
"TMEM165",4.7339331651017e-08,1.06638663614397,0.413,0.239,0.00142363572074103,"9","TMEM165"
"JUN",6.58435383331019e-07,1.06432107961864,0.381,0.219,0.0198011272829137,"9","JUN"
"PNKD",1.5977975641958e-06,1.06286717839858,0.108,0.04,0.0480505661480602,"9","PNKD"
"HNRNPD",9.98312628472015e-11,1.06089348619002,0.444,0.226,3.00222556760389e-06,"9","HNRNPD"
"SDCBP",2.97720059739906e-13,1.05455566652936,0.43,0.208,8.9533353565582e-09,"9","SDCBP"
"H2AFV",1.84010053067507e-09,1.05352662708449,0.278,0.129,5.53373432589912e-05,"9","H2AFV"
"SECISBP2",1.80139504989532e-07,1.05178321439741,0.327,0.183,0.00541733533355018,"9","SECISBP2"
"SNX9",7.39274593529628e-08,1.0502574283142,0.43,0.257,0.00222322048512165,"9","SNX9"
"TMTC4",1.34853455823933e-06,1.05005858323758,0.13,0.053,0.0405544797699313,"9","TMTC4"
"MAP1B",1.0907669247175e-08,1.04972588550059,0.278,0.138,0.000328026337270292,"9","MAP1B"
"GOPC",7.76707431938228e-07,1.04863239705126,0.247,0.127,0.0233579226006783,"9","GOPC"
"SCUBE3",1.30284502714009e-12,1.04789444099132,0.135,0.037,3.91804585011839e-08,"9","SCUBE3"
"FOXP2",4.11304401508145e-12,1.02810797618328,0.368,0.186,1.23691572665544e-07,"9","FOXP2"
"ZFYVE27",4.90557494753952e-07,1.02810468766796,0.112,0.041,0.0147525355397356,"9","ZFYVE27"
"SERINC5",5.696604312673e-15,1.02619901015781,0.417,0.184,1.71313981495015e-10,"9","SERINC5"
"SLC25A13",6.67523706952524e-11,1.02481212592134,0.457,0.251,2.00744404391832e-06,"9","SLC25A13"
"NDUFV21",2.76653886252091e-09,1.02067636929964,0.305,0.144,8.31981232125914e-05,"9","NDUFV2"
"PDE1A2",7.06291209896468e-16,1.02054374504075,0.547,0.301,2.12402955552165e-11,"9","PDE1A"
"HAUS6",9.60857144862286e-07,1.0194901370175,0.13,0.052,0.0288958569174435,"9","HAUS6"
"UPRT",2.18006571123405e-13,1.01815578804475,0.206,0.069,6.55611161339416e-09,"9","UPRT"
"ADAM17",2.93569408123074e-07,1.01628299590313,0.309,0.165,0.00882851281048522,"9","ADAM17"
"DDAH1",2.25851369927321e-07,1.01627181793932,0.148,0.06,0.00679202824782432,"9","DDAH1"
"SNX3",2.77551753673518e-07,1.01584493445957,0.345,0.191,0.0083468138882237,"9","SNX3"
"DHX29",1.71543558439865e-08,1.01484903139499,0.265,0.128,0.000515882943296206,"9","DHX29"
"PRKDC",5.67241377697727e-08,1.01368651756528,0.457,0.28,0.00170586499515038,"9","PRKDC"
"SMARCA5",1.32045979249595e-10,0.995172954284013,0.359,0.172,3.97101873397308e-06,"9","SMARCA5"
"ILF3",3.62453519496838e-10,0.994549715200699,0.404,0.208,1.09000646918284e-05,"9","ILF3"
"IARS",1.92332177004507e-08,0.990370143994799,0.287,0.14,0.000578400555905653,"9","IARS"
"BLOC1S1",1.38064668266228e-06,0.987248888262302,0.193,0.092,0.0415201876877027,"9","BLOC1S1"
"MORF4L2",6.92259439789561e-07,0.984650920263026,0.354,0.204,0.0208183181327915,"9","MORF4L2"
"ELOVL5",1.36662261282313e-10,0.982137131185615,0.296,0.136,4.109844183543e-06,"9","ELOVL5"
"RBMS3",3.65342929629514e-14,0.980319002573211,0.861,0.654,1.09869579227484e-09,"9","RBMS3"
"ZNF14",1.08737067438919e-09,0.976084171338659,0.17,0.063,3.27004982909062e-05,"9","ZNF14"
"ZNF776",1.14953291028786e-07,0.975946385898562,0.108,0.037,0.00345699032110867,"9","ZNF776"
"SRP19",2.48674774301474e-07,0.97577348296588,0.215,0.101,0.00747839648756822,"9","SRP19"
"TOMM40",1.03880697823362e-06,0.973355036661848,0.126,0.049,0.0312400422564197,"9","TOMM40"
"PTTG1IP",8.11033834280662e-08,0.969102179044729,0.363,0.203,0.00243902204983224,"9","PTTG1IP"
"CPQ",7.73438343491639e-14,0.968025427656654,0.587,0.332,2.3259611303824e-09,"9","CPQ"
"CHD1",2.62306725778546e-07,0.964411886183942,0.422,0.246,0.0078883501643382,"9","CHD1"
"ACSL3",1.43713648377868e-07,0.959801635898912,0.359,0.197,0.00432190054766763,"9","ACSL3"
"PIK3CA",1.03564908862637e-07,0.957427667824609,0.3,0.157,0.00311450750422608,"9","PIK3CA"
"PSMD11",3.580698738683e-12,0.955531081536746,0.363,0.165,1.07682353168414e-07,"9","PSMD11"
"HM13",9.67697294618879e-07,0.953555920381229,0.359,0.216,0.0291015607410735,"9","HM13"
"PRNP",3.17301360007808e-08,0.950591249013204,0.197,0.085,0.000954220379951481,"9","PRNP"
"LYST",9.75479383232064e-08,0.950476770463678,0.372,0.207,0.00293355914919379,"9","LYST"
"KIAA0753",6.15961647490255e-07,0.947853209889092,0.188,0.086,0.0185238146249744,"9","KIAA0753"
"MT-ND5",1.36017649069825e-08,0.939651644993616,0.238,0.11,0.000409045876047684,"9","MT-ND5"
"SELENOT",4.44827675402135e-08,0.938066837238812,0.202,0.088,0.00133773026823684,"9","SELENOT"
"YWHAZ1",1.56327858096082e-10,0.934527887997383,0.516,0.295,4.70124767652347e-06,"9","YWHAZ"
"NADK",6.68642513539777e-07,0.933989346602275,0.179,0.08,0.0201080863096817,"9","NADK"
"ROCK2",3.55345007610314e-07,0.93296145206144,0.493,0.309,0.010686290413865,"9","ROCK2"
"ASXL1",5.6661418897938e-07,0.930418138306573,0.439,0.269,0.0170397885051769,"9","ASXL1"
"DDX50",1.41228354004975e-10,0.929891260390428,0.287,0.126,4.24716028999161e-06,"9","DDX50"
"ADD3",1.00400468989533e-08,0.927925080270189,0.65,0.452,0.000301934330392223,"9","ADD3"
"CNOT3",8.71719277868072e-08,0.924816686753464,0.117,0.041,0.00262152138433265,"9","CNOT3"
"MIER31",1.48053913899184e-06,0.923372363305166,0.166,0.073,0.0445242535269017,"9","MIER3"
"EIF1AY1",4.8802705230652e-13,0.92066129432367,0.184,0.059,1.4676437544014e-08,"9","EIF1AY"
"MT-CO1",3.69001010085259e-10,0.920331060675143,0.587,0.392,1.1096967376294e-05,"9","MT-CO1"
"TGFBR2",5.82718347406942e-10,0.919722471104393,0.646,0.416,1.7524088861569e-05,"9","TGFBR2"
"TBC1D23",1.09503716599638e-06,0.91620749449692,0.256,0.135,0.032931052693009,"9","TBC1D23"
"ATF6",1.72822381681882e-09,0.913755068529371,0.448,0.255,5.19728748431923e-05,"9","ATF6"
"SEC31A",4.57720549131351e-09,0.910806833313403,0.632,0.414,0.000137650300740271,"9","SEC31A"
"CCDC50",1.67134874321875e-09,0.904896792022997,0.359,0.18,5.02624707548176e-05,"9","CCDC50"
"MTREX",8.12235043181367e-08,0.89914908873914,0.444,0.244,0.00244263444535933,"9","MTREX"
"SLC30A5",1.15922003208738e-08,0.898746736199812,0.3,0.146,0.000348612240249638,"9","SLC30A5"
"TBX201",1.04554634680697e-08,0.896063625357096,0.628,0.446,0.000314427152875261,"9","TBX20"
"NRIP1",8.18271292549789e-07,0.893311576238578,0.453,0.291,0.0246078725808498,"9","NRIP1"
"PDE6D",1.50342120869782e-06,0.890748592049548,0.17,0.078,0.0452123860091696,"9","PDE6D"
"PNPLA81",2.77538516978065e-07,0.888701544600275,0.323,0.176,0.00834641582108136,"9","PNPLA8"
"CLK1",7.87114924860514e-09,0.886198990119263,0.471,0.263,0.000236709071353302,"9","CLK1"
"QSER1",8.95895574828028e-07,0.885738149160012,0.242,0.122,0.0269422676218033,"9","QSER1"
"ZC3H15",8.53538598000152e-07,0.884873200778644,0.251,0.129,0.0256684662576586,"9","ZC3H15"
"RAP1B",1.95550237277868e-08,0.883612321333418,0.359,0.192,0.000588078228565731,"9","RAP1B"
"C17orf75",6.72600081502196e-07,0.88113998978075,0.117,0.044,0.0202271022510155,"9","C17orf75"
"ATG4C",2.9309031917189e-07,0.877450580907812,0.215,0.099,0.00881410516845625,"9","ATG4C"
"FSTL1",3.31330037809186e-12,0.875995396313068,0.812,0.601,9.96408822703566e-08,"9","FSTL1"
"DNAJC24",2.07987627660297e-08,0.875401602004114,0.193,0.081,0.000625481192662812,"9","DNAJC24"
"MAN1A1",5.63841074083433e-08,0.875046227560752,0.318,0.169,0.00169563926209111,"9","MAN1A1"
"MAGI2-AS3",9.57332625828182e-08,0.872626595473872,0.309,0.165,0.00287898640565309,"9","MAGI2-AS3"
"YY1",2.51607166273051e-10,0.870107444397642,0.39,0.201,7.56658231132946e-06,"9","YY1"
"MBD2",4.72607267016988e-08,0.86194980061321,0.296,0.15,0.00142127183410019,"9","MBD2"
"TGFBR3",2.82477309340455e-11,0.857361720169517,0.623,0.355,8.49494012379551e-07,"9","TGFBR3"
"SLC25A46",1.78757058438231e-07,0.85422763741767,0.22,0.102,0.00537576101841292,"9","SLC25A46"
"DDX5",2.45175500324662e-07,0.851106183549367,0.803,0.636,0.00737316282126356,"9","DDX5"
"ZNF678",5.88042425575536e-07,0.850155663584985,0.184,0.084,0.0176841998643331,"9","ZNF678"
"NDFIP1",5.60221352337127e-08,0.846793076203039,0.404,0.226,0.00168475367288344,"9","NDFIP1"
"WDR11-AS1",1.09693329080506e-08,0.846538885406112,0.157,0.06,0.000329880748543806,"9","WDR11-AS1"
"WWTR1",7.20648699717631e-08,0.8455025568015,0.52,0.353,0.00216720683466083,"9","WWTR1"
"MAP3K7",1.07483131401665e-11,0.844945835797688,0.363,0.169,3.23234021064227e-07,"9","MAP3K7"
"CPSF6",5.99052698434833e-10,0.839706100058222,0.48,0.252,1.80153118000307e-05,"9","CPSF6"
"NFKB1",4.91675859686851e-09,0.836401658050367,0.417,0.226,0.000147861681283627,"9","NFKB1"
"USP7",2.99245014392214e-08,0.835675834268819,0.327,0.166,0.000899919531781704,"9","USP7"
"LINC01578",4.56497607860802e-08,0.834376502211894,0.408,0.232,0.00137282525611979,"9","LINC01578"
"MED4",8.97813449472608e-09,0.824022283232721,0.336,0.166,0.000269999438659897,"9","MED4"
"PPP3R1",3.76075026032804e-08,0.823153829518798,0.341,0.185,0.00113097042578845,"9","PPP3R1"
"MORF4L1",2.25315680607174e-08,0.821540952445277,0.534,0.326,0.000677591846289955,"9","MORF4L1"
"DSTN",1.5083290352645e-08,0.820003849044945,0.493,0.289,0.000453599790775095,"9","DSTN"
"MED1",2.62105195925623e-07,0.819950911552684,0.206,0.095,0.00788228955707126,"9","MED1"
"TCF7L2",9.42074901900611e-07,0.818215695336492,0.448,0.274,0.0283310185248571,"9","TCF7L2"
"HSPB1",1.03491574158832e-08,0.817747242156119,0.547,0.347,0.000311230210967856,"9","HSPB1"
"SOBP",4.98267337857775e-08,0.81640626344903,0.587,0.385,0.00149843936513969,"9","SOBP"
"UBE2D3-AS1",7.40911490653652e-08,0.81386811178372,0.13,0.048,0.00222814312584273,"9","UBE2D3-AS1"
"NID11",7.90714116033642e-12,0.812716887091705,0.525,0.295,2.37791456114797e-07,"9","NID1"
"THADA",1.18684843359042e-07,0.805803570680489,0.52,0.316,0.00356920929433646,"9","THADA"
"WDR11",3.4334622106214e-07,0.804048754561,0.332,0.178,0.0103254509060017,"9","WDR11"
"GEM1",8.15630063401416e-10,0.803911747369383,0.318,0.148,2.45284428966708e-05,"9","GEM"
"GK5",4.86132755738143e-07,0.803797176912756,0.247,0.12,0.0146194703633132,"9","GK5"
"SEC63",7.50170045007127e-08,0.797133192685563,0.439,0.25,0.00225598637634993,"9","SEC63"
"PIGC",4.29035360185918e-07,0.793656853584098,0.22,0.107,0.0129023803868711,"9","PIGC"
"PTEN",7.23488048084204e-10,0.793410030005422,0.498,0.272,2.17574560700363e-05,"9","PTEN"
"ZEB1",5.92697864126004e-07,0.789693517132339,0.704,0.494,0.0178242028678613,"9","ZEB1"
"DLD",8.52163457007308e-07,0.788160280406538,0.291,0.155,0.0256271116425808,"9","DLD"
"NR4A11",7.56133923572867e-09,0.784286944091584,0.646,0.416,0.000227392154836068,"9","NR4A1"
"ARHGEF10",4.92247406656263e-07,0.783241803667289,0.399,0.234,0.0148033562603738,"9","ARHGEF10"
"PPP3CA",7.23216072015862e-07,0.778923073724701,0.413,0.253,0.021749276933733,"9","PPP3CA"
"NR1D2",6.30746058653299e-11,0.778806543331022,0.372,0.179,1.89684262218807e-06,"9","NR1D2"
"PDE4B1",3.10719265258968e-07,0.774881416614887,0.278,0.14,0.00934426046413295,"9","PDE4B"
"EIF1B1",1.16640627534576e-06,0.774765883668655,0.278,0.148,0.0350773359184732,"9","EIF1B"
"RORA",4.64517810137438e-08,0.769069337944914,0.695,0.486,0.00139694441042632,"9","RORA"
"SLC35E3",1.19303663027069e-06,0.76644404421294,0.179,0.082,0.0358781905821304,"9","SLC35E3"
"ZNF207",2.71640546946752e-09,0.764313010096915,0.534,0.313,8.16904616832968e-05,"9","ZNF207"
"PDS5B",9.2461540888801e-07,0.76190537640402,0.417,0.254,0.0278059591914891,"9","PDS5B"
"RYK",1.80013286244882e-08,0.751795806192961,0.399,0.21,0.000541353955724233,"9","RYK"
"BTF3L4",6.50375303524298e-07,0.751322145281646,0.242,0.116,0.0195587365028862,"9","BTF3L4"
"WASL",7.71654259432971e-07,0.743673905518729,0.368,0.208,0.0232059585439277,"9","WASL"
"UBXN4",3.50870022367789e-07,0.741445378290718,0.493,0.29,0.0105517141826665,"9","UBXN4"
"ATF31",2.68391857128961e-07,0.738599022895068,0.152,0.062,0.00807134831943924,"9","ATF3"
"SSBP2",1.42455395866327e-08,0.736816643143395,0.7,0.461,0.000428406111988806,"9","SSBP2"
"PMEPA1",4.31086756979464e-07,0.735620544768243,0.22,0.104,0.0129640720426434,"9","PMEPA1"
"ADGRD11",7.33155619033217e-09,0.724737109363633,0.673,0.449,0.000220481889311859,"9","ADGRD1"
"POLK",1.68182162538928e-07,0.717836814738861,0.426,0.248,0.00505774217403317,"9","POLK"
"FOXO1",5.94488647874921e-07,0.716629507476463,0.516,0.333,0.0178780571075425,"9","FOXO1"
"FAM120AOS",1.1439050583096e-07,0.713274828515862,0.238,0.11,0.00344006568185447,"9","FAM120AOS"
"GGA1",2.63162345912204e-07,0.706275369933369,0.184,0.08,0.00791408122861771,"9","GGA1"
"CTCF",8.45493870046135e-08,0.70589881078356,0.336,0.176,0.00254265371538974,"9","CTCF"
"RB1",1.49649323339113e-07,0.701934602482921,0.587,0.374,0.00450040410077715,"9","RB1"
"SETBP1",1.23532811776067e-07,0.69916973645734,0.309,0.163,0.00371500224854167,"9","SETBP1"
"ZNF706",3.47899336234408e-07,0.696018520854864,0.368,0.205,0.0104623767385773,"9","ZNF706"
"KRCC1",1.53553661130383e-08,0.693406491375447,0.341,0.169,0.0004617819251174,"9","KRCC1"
"NKAP",1.07972352830579e-10,0.68874541523406,0.278,0.117,3.24705256667402e-06,"9","NKAP"
"RAD23B",9.34484298727089e-07,0.684939309218297,0.439,0.256,0.0281027463156197,"9","RAD23B"
"NUP54",7.05897458581589e-07,0.68460660255566,0.206,0.097,0.0212284542719241,"9","NUP54"
"ELF2",2.61134758428334e-07,0.684039363072756,0.646,0.457,0.00785310559021528,"9","ELF2"
"CNOT2",2.19561038358498e-07,0.682929015914054,0.48,0.282,0.00660285910655511,"9","CNOT2"
"CAPZA2",4.49169502854528e-08,0.682275780190317,0.457,0.259,0.00135078744593442,"9","CAPZA2"
"PDCD6IP",1.28676227551864e-06,0.680362546372393,0.39,0.225,0.0386968019116721,"9","PDCD6IP"
"KPNB1",2.63775576546255e-07,0.676481364943752,0.305,0.158,0.00793252291347554,"9","KPNB1"
"RBMS1",3.33446639022554e-12,0.669680410805177,0.91,0.755,1.00277407753253e-07,"9","RBMS1"
"RNF145",4.05349330742598e-07,0.667219428162783,0.408,0.24,0.0121900704234221,"9","RNF145"
"AC092802.1",1.640084056557e-06,0.665716433863314,0.17,0.076,0.0493222478328387,"9","AC092802.1"
"SENP6",2.84950786762149e-09,0.662022171803698,0.758,0.515,8.5693250102981e-05,"9","SENP6"
"RAB2A",2.12574290544069e-08,0.661805789674492,0.628,0.413,0.000639274663953177,"9","RAB2A"
"INPP4A",4.5602857239244e-07,0.661559501280631,0.381,0.214,0.0137141472575578,"9","INPP4A"
"CNOT4",1.04369147550162e-07,0.658751859636331,0.538,0.338,0.00313869337427603,"9","CNOT4"
"UBE2F",5.62637425599817e-07,0.65328694283004,0.296,0.152,0.0169201953000633,"9","UBE2F"
"ATF2",4.95595039233717e-07,0.638875075585879,0.381,0.217,0.0149040296148756,"9","ATF2"
"DARS",6.65124939916447e-09,0.637665533397977,0.426,0.23,0.000200023023181073,"9","DARS"
"TTC28",5.85907823439225e-09,0.637179142997587,0.762,0.549,0.000176200059742878,"9","TTC28"
"USP381",7.67547669195271e-07,0.625774538697825,0.148,0.061,0.0230824610557094,"9","USP38"
"BCAP29",6.84037528806704e-09,0.623366997088675,0.596,0.365,0.00020571060603804,"9","BCAP29"
"TRAF3IP2-AS1",4.22218314568667e-08,0.621205282047507,0.408,0.225,0.00126973713740235,"9","TRAF3IP2-AS1"
"PSMD14",7.44800306458476e-07,0.613194125820502,0.283,0.145,0.0223983796161258,"9","PSMD14"
"ABLIM3",3.02628791078515e-07,0.606927410448374,0.372,0.207,0.00910095563410419,"9","ABLIM3"
"CHD9",1.77796407895213e-08,0.606008569907871,0.821,0.615,0.000534687137463273,"9","CHD9"
"HDAC3",2.88370517090988e-08,0.605642200001929,0.197,0.083,0.000867216656047729,"9","HDAC3"
"PKIG",2.84054238216104e-08,0.602559870896156,0.507,0.306,0.00085423631058729,"9","PKIG"
"HSPA9",2.61652785257364e-08,0.5988148913093,0.422,0.225,0.00078686842110447,"9","HSPA9"
"TMEM50B",1.08259090170319e-06,0.594298378167359,0.287,0.145,0.0325567561869201,"9","TMEM50B"
"PTPN2",7.59703131237392e-07,0.592634173215669,0.363,0.198,0.0228465522657021,"9","PTPN2"
"PPP4R3A",8.62419892878195e-09,0.589427560197567,0.475,0.258,0.000259355534385259,"9","PPP4R3A"
"CUL1",2.14155107078079e-08,0.587861648365905,0.493,0.285,0.000644028653515908,"9","CUL1"
"DNAJB1",3.4874002273071e-07,0.580942450593659,0.283,0.142,0.0104876587035807,"9","DNAJB1"
"JRK",8.10156530165161e-08,0.580651817770943,0.13,0.047,0.00243638373316569,"9","JRK"
"RHOQ",8.85398048981767e-07,0.580434236808652,0.605,0.425,0.0266265755270287,"9","RHOQ"
"CLIC4",1.94197323674619e-09,0.580382902019934,0.7,0.442,5.84009611486682e-05,"9","CLIC4"
"STAM",9.30656546323272e-07,0.579705894067677,0.363,0.204,0.0279876343175798,"9","STAM"
"COPS31",7.93789357215015e-07,0.579243992774918,0.152,0.064,0.0238716273395272,"9","COPS3"
"CENPP",2.47144334377377e-07,0.577101869544352,0.381,0.214,0.00743237156773085,"9","CENPP"
"COL4A2",3.09280844312345e-08,0.574598773893669,0.686,0.465,0.000930100283100514,"9","COL4A2"
"ZFAND5",4.72255822727317e-07,0.573791149780649,0.395,0.22,0.0142021493568786,"9","ZFAND5"
"WDFY3",1.69885811075673e-09,0.570619499038848,0.646,0.398,5.10897599647872e-05,"9","WDFY3"
"ZDHHC17",1.02746291529262e-06,0.567896003884525,0.372,0.211,0.0308988922515949,"9","ZDHHC17"
"SH3RF1",1.42281190922724e-06,0.56620955094177,0.448,0.264,0.0427882225461909,"9","SH3RF1"
"AC119673.2",7.90252199811944e-11,0.564308225233546,0.529,0.292,2.37652544049446e-06,"9","AC119673.2"
"AC021231.11",6.33294467958538e-08,0.555345551677357,0.296,0.144,0.00190450645349171,"9","AC021231.1"
"PDE11A",3.6260250337701e-08,0.552899579100904,0.184,0.077,0.00109045450840568,"9","PDE11A"
"NAALADL2",6.06280628306527e-09,0.550217227158771,0.695,0.513,0.000182326773350622,"9","NAALADL2"
"AC009264.11",2.84048553538153e-07,0.525022074272026,0.112,0.04,0.00854219215055288,"9","AC009264.1"
"AEBP2",8.99663032667429e-07,0.519398449842861,0.413,0.241,0.0270555663814076,"9","AEBP2"
"PEX31",4.8221314615668e-07,0.511979458588583,0.233,0.11,0.0145015959443698,"9","PEX3"
"CTNNBL1",2.86864175312871e-07,0.509574300775447,0.381,0.202,0.00862686634418396,"9","CTNNBL1"
"ZKSCAN1",1.47724372560979e-06,0.48712366343467,0.336,0.181,0.0444251505602633,"9","ZKSCAN1"
"TNFRSF191",6.40801997164416e-08,0.478080630353352,0.552,0.333,0.00192708384607255,"9","TNFRSF19"
"MED13L",5.71711233112993e-07,0.472980759313025,0.776,0.559,0.017193071913407,"9","MED13L"
"FNDC3B",6.24171769619219e-07,0.471017754443483,0.906,0.817,0.0187707176277588,"9","FNDC3B"
"CYP4V21",2.34462480674714e-07,0.46775961617669,0.211,0.095,0.00705099018133068,"9","CYP4V2"
"AC007126.1",1.29941254037677e-07,0.459652589922461,0.22,0.098,0.00390772333267507,"9","AC007126.1"
"HIVEP2",8.622570071779e-07,0.448599725066124,0.623,0.403,0.025930654976861,"9","HIVEP2"
"ZRANB3",1.12648419500321e-06,0.436076721425551,0.332,0.179,0.0338767591963316,"9","ZRANB3"
"BIRC6",6.80037233618941e-07,0.431043853584163,0.776,0.569,0.0204507597266224,"9","BIRC6"
"CSNK1A1",5.36151632649127e-07,0.428274863614805,0.816,0.614,0.0161236880486572,"9","CSNK1A1"
"MICU3",4.61596666892138e-07,0.426561674651545,0.484,0.288,0.0138815965634473,"9","MICU3"
"BX004807.11",5.48700646657799e-07,0.422056801934304,0.148,0.06,0.01650107454694,"9","BX004807.1"
"AASS1",7.16939496271617e-08,0.419489982784065,0.466,0.257,0.00215605214713763,"9","AASS"
"RFC3",3.87341491588537e-07,0.412465134976153,0.359,0.194,0.0116485206765421,"9","RFC3"
"POLR1A",4.0775804435908e-07,0.394005421493714,0.287,0.145,0.0122625076680106,"9","POLR1A"
"AHCYL1",5.70096053844051e-09,0.352103285766659,0.372,0.18,0.000171444986272522,"9","AHCYL1"
"USP9Y",4.06434236412995e-07,0.342759012202359,0.601,0.37,0.012222696791648,"9","USP9Y"
"CAPN3",5.02147322945908e-07,0.33827517606543,0.184,0.08,0.0151010764429523,"9","CAPN3"
"MT-CYB",4.51523106914562e-13,0.333672389883866,0.677,0.441,1.35786543942416e-08,"9","MT-CYB"
