"","Signature N4","Signature N3","Signature N2","Signature N1"
"A[C>A]A",0.0310825177909652,0.0316426452867278,0.00934240999819323,0.0145596781149607
"A[C>A]C",0.01796820400465,0.015354934980244,0.0060677549483441,0.0111373496752264
"A[C>A]G",0.00432782398579574,0.00758569958225544,0.00329110697511778,0.000960240505912884
"A[C>A]T",0.0194413201096085,0.0240890793277402,0.00591397743034966,0.00933068345539094
"C[C>A]A",0.0335842871656559,0.0261248783170441,0.00763332805512403,0.0158312444407338
"C[C>A]C",0.0239458034551265,0.0188129834415654,0.00520906649401425,0.00201236035820442
"C[C>A]G",0.00526965051563296,0.00865498197610162,0.0012273559859116,1.23295684788853e-05
"C[C>A]T",0.0350310257922243,0.0222467305272308,0.00446013348025307,0.00835038876018596
"G[C>A]A",0.031048127822805,0.015087047958563,0.00604237388957756,0.00976428122233581
"G[C>A]C",0.0137136742681486,0.0152576699640742,0.00470329047781247,0.00190737646801304
"G[C>A]G",0.00164042097449952,0.00721109625363309,0.00123401982039482,1.68907127440353e-20
"G[C>A]T",0.0254001294337376,0.0131386069611738,0.0015671591629722,0.00469573982855383
"T[C>A]A",0.0630167016530533,0.00568703667330808,0.00758635556328915,0.00412372201837142
"T[C>A]C",0.0455137913158829,0.00886836081080212,0.0109649182262046,0.00121441974332876
"T[C>A]G",0.00958014122217486,0.00284247139909077,1.75221391431198e-20,0.000642889123416236
"T[C>A]T",0.0552158273632235,0.0146941380547703,0.00845297873416944,1.4149516460222e-14
"A[C>G]A",0.0054575260733782,0.015038420312547,0.00137017638557016,0.0122349800864897
"A[C>G]C",0.00291799033335894,0.00220807085749238,0.00141684926795835,0.00546066496262378
"A[C>G]G",2.20780040892076e-20,0.000712333476563693,0.00100452820041851,0.0018003686944854
"A[C>G]T",0.00160064523260903,0.0063838380277128,0.00452173114716623,0.0120284563651259
"C[C>G]A",0.0017323471501576,0.00627447800715197,0.00163097048766595,0.0048216212263638
"C[C>G]C",0.00249885682344559,0.00313956161906532,1.75221391431198e-20,0.00725354336058086
"C[C>G]G",0.000574849173389744,0.00185997726359727,1.75221391431198e-20,0.00252169306900701
"C[C>G]T",0.00649961625135972,0.00472472006284766,0.0027681265744062,0.00738817975767812
"G[C>G]A",0.00203421308441576,0.00725844904416428,0.0011343269014208,0.00356168720320675
"G[C>G]C",0.00461447448848399,0.00338954149863739,1.75221391431198e-20,0.00519492516157681
"G[C>G]G",7.61776357830937e-08,0.0014611928262665,1.75221391431198e-20,0.00136917842845688
"G[C>G]T",0.00221028340839455,0.00449034595609919,0.00111730608899998,0.00368754520850148
"T[C>G]A",2.20780040892076e-20,0.00850751550732132,0.00365064777526722,0.00470293977753108
"T[C>G]C",0.00119406800943643,0.00772829835647306,0.000724030963420543,0.0087096480678752
"T[C>G]G",2.20780040892076e-20,0.00167514340189052,0.000275484151633521,0.00176197369265822
"T[C>G]T",0.00556191985578681,0.0157623024323452,0.00213810872410435,0.0127771652807297
"A[C>T]A",0.0482201367820775,0.0137926532965345,0.0619092076582964,0.0481130279067185
"A[C>T]C",0.0249635962366092,0.00168908605977521,0.0437246598910045,0.023680078571774
"A[C>T]G",0.0137054648935165,0.00345434556595078,0.0206393164129631,0.066389324257984
"A[C>T]T",0.0242856803750721,0.00773326691855426,0.0431936983796565,0.0275420294914321
"C[C>T]A",0.0329877932154944,0.0507714387603205,0.0788160431811238,0.0115022120462239
"C[C>T]C",0.0184654161845098,0.0279937680821082,0.0549162326382637,0.0181635131767334
"C[C>T]G",0.00532693583214311,0.00375108697494731,0.00994178842468664,0.038040356408699
"C[C>T]T",0.0116765359391066,0.0492494419076128,0.08126750830407,0.0213537339475211
"G[C>T]A",0.0305269789916953,0.0231467899757418,0.046395327093778,0.00682967744657305
"G[C>T]C",0.0277602193963216,0.0139501510559294,0.0379475151190715,0.0100567097508062
"G[C>T]G",0.0100160999570816,0.00236491531722072,0.0077245366064036,0.0387433913759249
"G[C>T]T",0.0250006873537116,0.0192127980054927,0.0448513373173111,0.00845731190340915
"T[C>T]A",0.0157233799534937,0.0903213725282339,0.0690469633064499,1.63940461448291e-05
"T[C>T]C",0.0212158984099173,0.030971324004241,0.0765381597154733,0.0163658682980495
"T[C>T]G",0.00518572812948015,0.00543637426105147,0.00717011034918857,0.0280685105139165
"T[C>T]T",0.0108284490385712,0.0805221189082222,0.106724284091121,4.67087045829914e-12
"A[T>A]A",0.00533213438271119,0.006555381952428,0.00356061635507793,0.00755156089385866
"A[T>A]C",0.00400219738869811,0.00309372643375459,0.00183030000583638,0.00851841180248251
"A[T>A]G",0.00709618096455608,0.00408393159032246,0.00401562756663766,0.0101654719001017
"A[T>A]T",0.0070618246141375,0.00364398960297879,0.00522180171171582,0.0120739139331105
"C[T>A]A",0.0113560320497803,0.00140601956826926,0.00384953136812021,0.00604689427112904
"C[T>A]C",0.0096425740567178,0.00180947872428003,0.00558950395779895,0.00657123387868965
"C[T>A]G",0.0286324348678316,0.00347388953945318,0.00747798357752959,0.00958638960347296
"C[T>A]T",0.0129929651141457,0.00374807929851168,0.00417733860910769,0.0111189327955802
"G[T>A]A",0.00450792375099027,0.00410432918468224,0.00294393419153287,0.0033300893241827
"G[T>A]C",0.00165668847589121,0.00279173188167566,0.00134606881071339,0.00484900805265004
"G[T>A]G",0.00207742635101966,0.00944815967802023,3.31748708838803e-11,0.00639317017230752
"G[T>A]T",0.00451311910424554,0.00603882244138704,0.00311471229707418,0.00936913976695082
"T[T>A]A",0.00658775990031359,0.00323467662644346,0.00350620496105282,0.00664438442934026
"T[T>A]C",0.00614427290383267,0.00138504154280449,0.000818426267547584,0.00662417838888073
"T[T>A]G",0.0123795093515983,0.00470428764335497,0.00280548615520202,0.00440674140123953
"T[T>A]T",0.00892995700861362,0.00474589241201554,0.00380817709242662,0.0142510128191016
"A[T>C]A",0.0128591294133445,0.0325309419459911,0.00632509975808859,0.0293470076609994
"A[T>C]C",0.00195602166675784,0.00458279638402488,0.00298648462883727,0.0138269835637042
"A[T>C]G",0.00155812530366972,0.0200418659718732,0.00604279134397274,0.0242781583938771
"A[T>C]T",0.00106769109261578,0.0172794435408696,0.00235053651846803,0.028471178919142
"C[T>C]A",0.00213166543235289,0.00854198649141835,0.00149858796117273,0.0112645958610977
"C[T>C]C",0.00247180719098793,0.00321424015219362,0.00508213335707722,0.0110508122269647
"C[T>C]G",0.00564968827028722,0.00990209909774794,0.00228332146264559,0.00840314287912235
"C[T>C]T",0.00544810728671234,0.00485976961777629,0.000993060153944243,0.012605439542805
"G[T>C]A",0.00225681399115234,0.0159460074750416,0.00305725829323397,0.0086838995011926
"G[T>C]C",0.00321987626914043,0.00241153667592151,1.75221391431198e-20,0.00988867523254466
"G[T>C]G",0.00517009499831433,0.00638060985727986,0.00346728466680988,0.0133714220967695
"G[T>C]T",0.000542140211501588,0.00840889522680326,0.0015715383421951,0.0188925488805924
"T[T>C]A",0.00500139788782555,0.0132768166732919,0.00217652027173219,0.00949078726396801
"T[T>C]C",0.00175559004028338,0.0035733711785411,0.00282630189610078,0.0137169310014767
"T[T>C]G",0.00727030547336327,0.00818900631224594,0.00106828668955096,0.00933282984570351
"T[T>C]T",0.00265880555065194,0.00651872667009587,0.00316953963483699,0.0146617768879757
"A[T>G]A",0.000926093883444627,0.00233587584767844,1.75221391431198e-20,0.0071501489081466
"A[T>G]C",0.0020752123874379,2.007312717562e-20,8.32111084625097e-08,0.00307153550281377
"A[T>G]G",0.0017047248046959,0.00155732085022864,0.000792297000261127,0.00763591704736467
"A[T>G]T",0.00433726787864724,2.007312717562e-20,1.48376626690068e-07,0.00949683615884767
"C[T>G]A",0.00134754363949508,0.000757889909457164,1.75221391431198e-20,0.00311355085312414
"C[T>G]C",0.00230006279180822,0.00115970164795655,1.75221391431198e-20,0.00474523224632737
"C[T>G]G",0.00347378588810789,0.00189980048401835,1.75221391431198e-20,0.00533238493359103
"C[T>G]T",0.00146689307987372,2.007312717562e-20,0.000792971476731052,0.00894069118135153
"G[T>G]A",0.000614473979559875,0.000283272810671893,1.75221391431198e-20,0.00325992459133371
"G[T>G]C",0.000685097911643256,2.03299146472577e-20,1.73107349358812e-07,0.00197587610074676
"G[T>G]G",0.00211844771858825,0.000333069183684309,0.00135608620726409,0.00634393089047403
"G[T>G]T",2.3473929756286e-07,0.00228116548141543,1.75221391431198e-20,0.00439434563129805
"T[T>G]A",0.00130208421190805,0.00154676035788228,0.000586226850999787,0.00296944048367064
"T[T>G]C",0.000828800173729181,2.007312717562e-20,1.19384550135332e-07,0.00434855276056834
"T[T>G]G",3.89043909120122e-18,0.00400970816525311,1.75221391431198e-20,0.00806114574209366
"T[T>G]T",0.00432370292388096,0.00163640208381879,0.0012522320472729,0.0112343510046351
