"","Control","IHD","Net_change"
"A[C>A]A",6.26025595019062,16.9589405392744,10.6986845890838
"A[C>A]C",3.99889199795679,9.39748744641038,5.39859544845359
"A[C>A]G",0.932588186481139,3.47082090602007,2.53823271953893
"A[C>A]T",5.44497466777465,11.0415472380438,5.59657257026911
"C[C>A]A",5.55164063354565,16.4852361961018,10.9335955625562
"C[C>A]C",2.73061644048536,10.3578569062284,7.62724046574299
"C[C>A]G",0.698694247458366,3.24459596704803,2.54590171958967
"C[C>A]T",4.75138213417983,13.5066273163786,8.75524518219877
"G[C>A]A",3.81599712524782,12.2737194697999,8.45772234455204
"G[C>A]C",1.5921535975589,7.54345692705614,5.95130332949723
"G[C>A]G",0.544866918745983,2.26114691280724,1.71627999406125
"G[C>A]T",3.07579850121652,8.47622532021118,5.40042681899466
"T[C>A]A",2.98527709752663,16.1900493257093,13.2047722281827
"T[C>A]C",2.12015730494543,13.583656487538,11.4634991825926
"T[C>A]G",0.341933488294789,2.70574168891319,2.3638082006184
"T[C>A]T",2.58481690950295,15.9477316059867,13.3629146964838
"A[C>G]A",3.64353828464196,6.40085025489073,2.75731197024876
"A[C>G]C",1.54393459985376,1.94180576017284,0.397871160319076
"A[C>G]G",0.296536945125233,0.72928606749012,0.432749122364887
"A[C>G]T",2.3761418053344,4.45698185767349,2.08084005233909
"C[C>G]A",1.69612723014713,2.61843380856326,0.922306578416131
"C[C>G]C",1.96283602953855,2.08938196595773,0.126545936419177
"C[C>G]G",0.751999292760024,0.779204224751047,0.0272049319910225
"C[C>G]T",2.39880458330099,3.63406679210292,1.23526220880193
"G[C>G]A",1.46643977567824,2.46304770041437,0.996607924736121
"G[C>G]C",1.26471694346737,2.46964089241248,1.20492394894511
"G[C>G]G",0.159243812974428,0.642815559519691,0.483571746545263
"G[C>G]T",1.81015463175693,1.83303746419998,0.0228828324430466
"T[C>G]A",1.18568556502497,3.38265756009623,2.19697199507126
"T[C>G]C",2.33317591968851,3.28179648326573,0.94862056357722
"T[C>G]G",0.229552811304662,0.775595824524659,0.546043013219998
"T[C>G]T",3.41568989832218,6.51948700523681,3.10379710691463
"A[C>T]A",15.3550591409111,32.6332634664716,17.2782043255605
"A[C>T]C",7.86416528724898,18.0169436454035,10.1527783581545
"A[C>T]G",14.0908017120344,16.8533003760931,2.76249866405873
"A[C>T]T",9.77642879146234,19.3709845567156,9.59455576525327
"C[C>T]A",15.3517491609158,34.4454622063949,19.0937130454792
"C[C>T]C",10.3755147530215,23.582456046637,13.2069412936155
"C[C>T]G",8.51534197409735,8.88556066422922,0.370218690131866
"C[C>T]T",16.3086470984553,32.4955670763685,16.1869199779132
"G[C>T]A",7.92899366541234,21.5541886293448,13.6251949639324
"G[C>T]C",5.46842466394047,18.2814085737657,12.8129839098253
"G[C>T]G",8.5899937835583,8.84321661224005,0.253222828681757
"G[C>T]T",7.02809451410264,19.7081312030683,12.6800366889656
"T[C>T]A",14.2717315037643,35.9688875926125,21.6971560888483
"T[C>T]C",12.0430043710028,29.3845149241883,17.3415105531855
"T[C>T]G",7.27372975861135,6.96695856321873,NA
"T[C>T]T",13.7438564097453,42.2404073506412,28.496550940896
"A[T>A]A",2.4844384047249,4.14205471839219,1.65761631366729
"A[T>A]C",2.51002872502734,2.90927592298939,0.399247197962053
"A[T>A]G",2.47566034654028,4.48330897452203,2.00764862798174
"A[T>A]T",3.01651584426421,4.68758604632295,1.67107020205874
"C[T>A]A",1.51397565646074,4.17527399379051,2.66129833732977
"C[T>A]C",2.23998040088742,4.1657699452105,1.92578954432308
"C[T>A]G",2.77128510030497,9.417001008648,6.64571590834304
"C[T>A]T",2.85135538847277,5.7852073836896,2.93385199521682
"G[T>A]A",1.02321030286219,2.99701276412381,1.97380246126162
"G[T>A]C",1.42865456441702,1.86506350689676,0.436408942479736
"G[T>A]G",1.12768776729214,3.65223152961586,2.52454376232372
"G[T>A]T",2.83512979099273,3.77340896572281,0.938279174730076
"T[T>A]A",2.05473952437689,3.27982226101312,1.22508273663622
"T[T>A]C",1.71156482992367,2.46285161605623,0.751286786132556
"T[T>A]G",1.98697191466423,4.59983958049515,2.61286766583092
"T[T>A]T",3.24747481361349,5.37143070232163,2.12395588870815
"A[T>C]A",8.09806664172582,15.233879434047,7.13581279232116
"A[T>C]C",2.39938008167538,4.26573803095787,1.86635794928248
"A[T>C]G",5.60469779057569,9.22138954543946,3.61669175486377
"A[T>C]T",6.64729490835534,8.13494368421257,1.48764877585723
"C[T>C]A",2.74740904085621,4.07420596065933,1.32679691980312
"C[T>C]C",2.92353626438198,3.53543955316704,0.611903288785062
"C[T>C]G",3.15125121970807,4.68959227858717,1.53834105887911
"C[T>C]T",2.45349573459572,4.18144836380669,1.72795262921097
"G[T>C]A",2.58970974354982,5.94261988609361,3.35291014254379
"G[T>C]C",2.38607564362417,2.43119014716521,0.0451145035410483
"G[T>C]G",3.34206729202948,4.85284336361985,1.51077607159037
"G[T>C]T",4.38870896812006,4.43666421111872,0.0479552429986558
"T[T>C]A",3.23250151150365,5.15557900996552,1.92307749846186
"T[T>C]C",3.4662204928394,3.52601678727602,0.0597962944366262
"T[T>C]G",2.3057392224545,4.76980294700604,2.46406372455154
"T[T>C]T",3.59258690415759,4.48369923867273,0.891112334515139
"A[T>G]A",1.05644312373219,1.89898240527941,0.842539281547221
"A[T>G]C",0.206978159087455,0.918252341172136,0.711274182084681
"A[T>G]G",1.10808000975556,2.01184815560646,0.903768145850901
"A[T>G]T",2.02523302167828,1.8321563012722,NA
"C[T>G]A",0.455780758099661,0.947499230409002,0.491718472309341
"C[T>G]C",1.09341898001402,1.35748921858556,0.264070238571546
"C[T>G]G",1.25613675208113,1.57391748384274,0.317780731761614
"C[T>G]T",2.03393012004605,1.4265560494591,NA
"G[T>G]A",0.878681413377479,0.527420297097376,NA
"G[T>G]C",0.159867784368011,0.354449310448377,0.194581526080365
"G[T>G]G",1.28410605097638,1.60982566045462,0.325719609478242
"G[T>G]T",0.869903317401819,1.25795501705891,0.388051699657088
"T[T>G]A",0.701908380874129,1.00678180227196,0.304873421397833
"T[T>G]C",0.324051588508753,0.916384895104472,0.592333306595719
"T[T>G]G",1.25796970542986,2.13879758092983,0.880827875499966
"T[T>G]T",1.96205945950355,2.93105761246552,0.968998152961968
